Geno,Env,Group,yield,env_index,mintf,radg
G001,LN96a,G_1,0.966666667,-1.8157703,15.72,18.19
G002,LN96a,G_1,0.586666667,-1.8157703,15.72,18.19
G003,LN96a,G_1,1.14,-1.8157703,15.72,18.19
G004,LN96a,G_1,0.733333333,-1.8157703,15.72,18.19
G005,LN96a,G_1,1.106666667,-1.8157703,15.72,18.19
G006,LN96a,G_1,1.673333333,-1.8157703,15.72,18.19
G007,LN96a,G_1,2.333333333,-1.8157703,15.72,18.19
G008,LN96a,G_1,1.42,-1.8157703,15.72,18.19
G009,LN96a,G_1,1.293333333,-1.8157703,15.72,18.19
G010,LN96a,G_1,1,-1.8157703,15.72,18.19
G011,LN96a,G_1,1.26,-1.8157703,15.72,18.19
G012,LN96a,G_1,1.446666667,-1.8157703,15.72,18.19
G013,LN96a,G_1,0.8,-1.8157703,15.72,18.19
G014,LN96a,G_1,1.88,-1.8157703,15.72,18.19
G015,LN96a,G_1,0.566666667,-1.8157703,15.72,18.19
G016,LN96a,G_1,0.82,-1.8157703,15.72,18.19
G017,LN96a,G_1,0.54,-1.8157703,15.72,18.19
G018,LN96a,G_1,0.926666667,-1.8157703,15.72,18.19
G019,LN96a,G_1,3.133333333,-1.8157703,15.72,18.19
G020,LN96a,G_1,1.826666667,-1.8157703,15.72,18.19
G021,LN96a,G_1,1.16,-1.8157703,15.72,18.19
G022,LN96a,G_1,1.206666667,-1.8157703,15.72,18.19
G023,LN96a,G_1,1.673333333,-1.8157703,15.72,18.19
G024,LN96a,G_1,1.3,-1.8157703,15.72,18.19
G025,LN96a,G_1,1.38,-1.8157703,15.72,18.19
G026,LN96a,G_1,1.7,-1.8157703,15.72,18.19
G027,LN96a,G_1,1.08,-1.8157703,15.72,18.19
G028,LN96a,G_1,1.12,-1.8157703,15.72,18.19
G029,LN96a,G_1,1.813333333,-1.8157703,15.72,18.19
G030,LN96a,G_1,1.506666667,-1.8157703,15.72,18.19
G031,LN96a,G_1,1.133333333,-1.8157703,15.72,18.19
G032,LN96a,G_1,2.02,-1.8157703,15.72,18.19
G033,LN96a,G_1,1.286666667,-1.8157703,15.72,18.19
G034,LN96a,G_1,1.58,-1.8157703,15.72,18.19
G035,LN96a,G_1,1.86,-1.8157703,15.72,18.19
G036,LN96a,G_1,1.433333333,-1.8157703,15.72,18.19
G037,LN96a,G_1,0.66,-1.8157703,15.72,18.19
G038,LN96a,G_1,1.08,-1.8157703,15.72,18.19
G039,LN96a,G_1,1.12,-1.8157703,15.72,18.19
G040,LN96a,G_1,0.746666667,-1.8157703,15.72,18.19
G041,LN96a,G_1,0.853333333,-1.8157703,15.72,18.19
G042,LN96a,G_1,0.68,-1.8157703,15.72,18.19
G043,LN96a,G_1,1.353333333,-1.8157703,15.72,18.19
G044,LN96a,G_1,0.826666667,-1.8157703,15.72,18.19
G045,LN96a,G_1,1.88,-1.8157703,15.72,18.19
G046,LN96a,G_1,1.193333333,-1.8157703,15.72,18.19
G047,LN96a,G_1,1.06,-1.8157703,15.72,18.19
G048,LN96a,G_1,1.16,-1.8157703,15.72,18.19
G049,LN96a,G_1,1.093333333,-1.8157703,15.72,18.19
G050,LN96a,G_1,0.986666667,-1.8157703,15.72,18.19
G051,LN96a,G_1,1.226666667,-1.8157703,15.72,18.19
G052,LN96a,G_1,1.006666667,-1.8157703,15.72,18.19
G053,LN96a,G_1,1.073333333,-1.8157703,15.72,18.19
G054,LN96a,G_1,1.486666667,-1.8157703,15.72,18.19
G055,LN96a,G_1,1.933333333,-1.8157703,15.72,18.19
G056,LN96a,G_1,1.893333333,-1.8157703,15.72,18.19
G057,LN96a,G_1,0.7,-1.8157703,15.72,18.19
G058,LN96a,G_1,1.046666667,-1.8157703,15.72,18.19
G059,LN96a,G_1,1.04,-1.8157703,15.72,18.19
G060,LN96a,G_1,1.033333333,-1.8157703,15.72,18.19
G061,LN96a,G_1,1.466666667,-1.8157703,15.72,18.19
G062,LN96a,G_1,0.786666667,-1.8157703,15.72,18.19
G063,LN96a,G_1,1.193333333,-1.8157703,15.72,18.19
G064,LN96a,G_1,1.153333333,-1.8157703,15.72,18.19
G065,LN96a,G_1,1.1,-1.8157703,15.72,18.19
G066,LN96a,G_1,1.346666667,-1.8157703,15.72,18.19
G067,LN96a,G_1,2.233333333,-1.8157703,15.72,18.19
G068,LN96a,G_1,2.206666667,-1.8157703,15.72,18.19
G069,LN96a,G_1,1.333333333,-1.8157703,15.72,18.19
G070,LN96a,G_1,0.946666667,-1.8157703,15.72,18.19
G071,LN96a,G_1,0.706666667,-1.8157703,15.72,18.19
G072,LN96a,G_1,1.973333333,-1.8157703,15.72,18.19
G073,LN96a,G_1,0.946666667,-1.8157703,15.72,18.19
G074,LN96a,G_1,0.946666667,-1.8157703,15.72,18.19
G075,LN96a,G_1,1.313333333,-1.8157703,15.72,18.19
G076,LN96a,G_1,0.62,-1.8157703,15.72,18.19
G077,LN96a,G_1,0.54,-1.8157703,15.72,18.19
G078,LN96a,G_1,0.713333333,-1.8157703,15.72,18.19
G079,LN96a,G_1,0.913333333,-1.8157703,15.72,18.19
G080,LN96a,G_1,0.913333333,-1.8157703,15.72,18.19
G081,LN96a,G_1,0.726666667,-1.8157703,15.72,18.19
G082,LN96a,G_1,0.633333333,-1.8157703,15.72,18.19
G083,LN96a,G_1,1.78,-1.8157703,15.72,18.19
G084,LN96a,G_1,1.606666667,-1.8157703,15.72,18.19
G085,LN96a,G_1,0.8,-1.8157703,15.72,18.19
G086,LN96a,G_1,1.086666667,-1.8157703,15.72,18.19
G087,LN96a,G_1,1.48,-1.8157703,15.72,18.19
G088,LN96a,G_1,1.16,-1.8157703,15.72,18.19
G089,LN96a,G_1,0.64,-1.8157703,15.72,18.19
G090,LN96a,G_1,0.933333333,-1.8157703,15.72,18.19
G091,LN96a,G_1,1.026666667,-1.8157703,15.72,18.19
G092,LN96a,G_1,0.8,-1.8157703,15.72,18.19
G093,LN96a,G_1,1.026666667,-1.8157703,15.72,18.19
G094,LN96a,G_1,1.993333333,-1.8157703,15.72,18.19
G095,LN96a,G_1,0.773333333,-1.8157703,15.72,18.19
G096,LN96a,G_1,1.4,-1.8157703,15.72,18.19
G097,LN96a,G_1,1.1,-1.8157703,15.72,18.19
G098,LN96a,G_1,0.953333333,-1.8157703,15.72,18.19
G099,LN96a,G_1,0.926666667,-1.8157703,15.72,18.19
G100,LN96a,G_1,1.38,-1.8157703,15.72,18.19
G101,LN96a,G_1,0.78,-1.8157703,15.72,18.19
G102,LN96a,G_1,1.753333333,-1.8157703,15.72,18.19
G103,LN96a,G_1,1.44,-1.8157703,15.72,18.19
G104,LN96a,G_1,1.993333333,-1.8157703,15.72,18.19
G105,LN96a,G_1,1.393333333,-1.8157703,15.72,18.19
G106,LN96a,G_1,1.66,-1.8157703,15.72,18.19
G107,LN96a,G_1,0.986666667,-1.8157703,15.72,18.19
G108,LN96a,G_1,1.2,-1.8157703,15.72,18.19
G109,LN96a,G_1,1.093333333,-1.8157703,15.72,18.19
G110,LN96a,G_1,1.133333333,-1.8157703,15.72,18.19
G111,LN96a,G_1,1.213333333,-1.8157703,15.72,18.19
G112,LN96a,G_1,1.126666667,-1.8157703,15.72,18.19
G113,LN96a,G_1,0.72,-1.8157703,15.72,18.19
G114,LN96a,G_1,1.44,-1.8157703,15.72,18.19
G115,LN96a,G_1,2.193333333,-1.8157703,15.72,18.19
G116,LN96a,G_1,1.713333333,-1.8157703,15.72,18.19
G117,LN96a,G_1,1.52,-1.8157703,15.72,18.19
G118,LN96a,G_1,1.12,-1.8157703,15.72,18.19
G119,LN96a,G_1,0.926666667,-1.8157703,15.72,18.19
G120,LN96a,G_1,0.913333333,-1.8157703,15.72,18.19
G121,LN96a,G_1,3.113333333,-1.8157703,15.72,18.19
G122,LN96a,G_1,1.306666667,-1.8157703,15.72,18.19
G123,LN96a,G_1,2.56,-1.8157703,15.72,18.19
G124,LN96a,G_1,1.28,-1.8157703,15.72,18.19
G125,LN96a,G_1,1.08,-1.8157703,15.72,18.19
G126,LN96a,G_1,1.04,-1.8157703,15.72,18.19
G127,LN96a,G_1,1.46,-1.8157703,15.72,18.19
G128,LN96a,G_1,1.166666667,-1.8157703,15.72,18.19
G129,LN96a,G_1,1.5,-1.8157703,15.72,18.19
G130,LN96a,G_1,1.84,-1.8157703,15.72,18.19
G131,LN96a,G_1,1.56,-1.8157703,15.72,18.19
G132,LN96a,G_1,0.873333333,-1.8157703,15.72,18.19
G133,LN96a,G_1,1.64,-1.8157703,15.72,18.19
G134,LN96a,G_1,1.086666667,-1.8157703,15.72,18.19
G135,LN96a,G_1,1.093333333,-1.8157703,15.72,18.19
G136,LN96a,G_1,1.526666667,-1.8157703,15.72,18.19
G137,LN96a,G_1,1.326666667,-1.8157703,15.72,18.19
G138,LN96a,G_1,0.413333333,-1.8157703,15.72,18.19
G139,LN96a,G_1,1.12,-1.8157703,15.72,18.19
G140,LN96a,G_1,0.38,-1.8157703,15.72,18.19
G141,LN96a,G_1,0.833333333,-1.8157703,15.72,18.19
G142,LN96a,G_1,1.333333333,-1.8157703,15.72,18.19
G143,LN96a,G_1,0.653333333,-1.8157703,15.72,18.19
G144,LN96a,G_1,0.666666667,-1.8157703,15.72,18.19
G145,LN96a,G_1,1.246666667,-1.8157703,15.72,18.19
G146,LN96a,G_1,1.266666667,-1.8157703,15.72,18.19
G147,LN96a,G_1,1.313333333,-1.8157703,15.72,18.19
G148,LN96a,G_1,1.186666667,-1.8157703,15.72,18.19
G149,LN96a,G_1,0.726666667,-1.8157703,15.72,18.19
G150,LN96a,G_1,0.76,-1.8157703,15.72,18.19
G151,LN96a,G_1,1.573333333,-1.8157703,15.72,18.19
G152,LN96a,G_1,1.22,-1.8157703,15.72,18.19
G153,LN96a,G_1,1.02,-1.8157703,15.72,18.19
G154,LN96a,G_1,1.533333333,-1.8157703,15.72,18.19
G155,LN96a,G_1,1.006666667,-1.8157703,15.72,18.19
G156,LN96a,G_1,0.7,-1.8157703,15.72,18.19
G157,LN96a,G_1,1.46,-1.8157703,15.72,18.19
G158,LN96a,G_1,1.366666667,-1.8157703,15.72,18.19
G159,LN96a,G_1,1.733333333,-1.8157703,15.72,18.19
G160,LN96a,G_1,1.633333333,-1.8157703,15.72,18.19
G161,LN96a,G_1,1.366666667,-1.8157703,15.72,18.19
G162,LN96a,G_1,1.273333333,-1.8157703,15.72,18.19
G163,LN96a,G_1,0.773333333,-1.8157703,15.72,18.19
G164,LN96a,G_1,1.28,-1.8157703,15.72,18.19
G165,LN96a,G_1,1.453333333,-1.8157703,15.72,18.19
G166,LN96a,G_1,1,-1.8157703,15.72,18.19
G167,LN96a,G_1,1.013333333,-1.8157703,15.72,18.19
G168,LN96a,G_1,0.993333333,-1.8157703,15.72,18.19
G169,LN96a,G_1,0.94,-1.8157703,15.72,18.19
G170,LN96a,G_1,1.186666667,-1.8157703,15.72,18.19
G171,LN96a,G_1,1.013333333,-1.8157703,15.72,18.19
G172,LN96a,G_1,1.153333333,-1.8157703,15.72,18.19
G173,LN96a,G_1,0.94,-1.8157703,15.72,18.19
G174,LN96a,G_1,0.993333333,-1.8157703,15.72,18.19
G175,LN96a,G_1,1.58,-1.8157703,15.72,18.19
G176,LN96a,G_1,1.28,-1.8157703,15.72,18.19
G177,LN96a,G_1,1.286666667,-1.8157703,15.72,18.19
G178,LN96a,G_1,0.873333333,-1.8157703,15.72,18.19
G179,LN96a,G_1,1.22,-1.8157703,15.72,18.19
G180,LN96a,G_1,0.413333333,-1.8157703,15.72,18.19
G181,LN96a,G_1,1.26,-1.8157703,15.72,18.19
G182,LN96a,G_1,1.246666667,-1.8157703,15.72,18.19
G183,LN96a,G_1,1.38,-1.8157703,15.72,18.19
G184,LN96a,G_1,1.173333333,-1.8157703,15.72,18.19
G185,LN96a,G_1,1.086666667,-1.8157703,15.72,18.19
G186,LN96a,G_1,1.386666667,-1.8157703,15.72,18.19
G187,LN96a,G_1,1.22,-1.8157703,15.72,18.19
G188,LN96a,G_1,0.82,-1.8157703,15.72,18.19
G189,LN96a,G_1,0.993333333,-1.8157703,15.72,18.19
G190,LN96a,G_1,1.193333333,-1.8157703,15.72,18.19
G191,LN96a,G_1,0.853333333,-1.8157703,15.72,18.19
G192,LN96a,G_1,2,-1.8157703,15.72,18.19
G193,LN96a,G_1,1.046666667,-1.8157703,15.72,18.19
G194,LN96a,G_1,0.28,-1.8157703,15.72,18.19
G195,LN96a,G_1,1.373333333,-1.8157703,15.72,18.19
G196,LN96a,G_1,1.773333333,-1.8157703,15.72,18.19
G197,LN96a,G_1,0.946666667,-1.8157703,15.72,18.19
G198,LN96a,G_1,1.513333333,-1.8157703,15.72,18.19
G199,LN96a,G_1,0.853333333,-1.8157703,15.72,18.19
G200,LN96a,G_1,1.52,-1.8157703,15.72,18.19
G201,LN96a,G_1,1.44,-1.8157703,15.72,18.19
G202,LN96a,G_1,1.093333333,-1.8157703,15.72,18.19
G203,LN96a,G_1,1.306666667,-1.8157703,15.72,18.19
G204,LN96a,G_1,1.153333333,-1.8157703,15.72,18.19
G205,LN96a,G_1,2.12,-1.8157703,15.72,18.19
G206,LN96a,G_1,1.66,-1.8157703,15.72,18.19
G207,LN96a,G_1,0.94,-1.8157703,15.72,18.19
G208,LN96a,G_1,0.806666667,-1.8157703,15.72,18.19
G209,LN96a,G_1,1.146666667,-1.8157703,15.72,18.19
G210,LN96a,G_1,1.82,-1.8157703,15.72,18.19
G211,LN96a,G_1,0.786666667,-1.8157703,15.72,18.19
G001,LN96b,G_1,0.473333333,-2.442942496,22.58,22.94
G002,LN96b,G_1,0.933333333,-2.442942496,22.58,22.94
G003,LN96b,G_1,0.72,-2.442942496,22.58,22.94
G004,LN96b,G_1,-0.026666667,-2.442942496,22.58,22.94
G005,LN96b,G_1,2.02,-2.442942496,22.58,22.94
G006,LN96b,G_1,0.24,-2.442942496,22.58,22.94
G007,LN96b,G_1,0.313333333,-2.442942496,22.58,22.94
G008,LN96b,G_1,0.38,-2.442942496,22.58,22.94
G009,LN96b,G_1,0.826666667,-2.442942496,22.58,22.94
G010,LN96b,G_1,0.98,-2.442942496,22.58,22.94
G011,LN96b,G_1,0.42,-2.442942496,22.58,22.94
G012,LN96b,G_1,0.093333333,-2.442942496,22.58,22.94
G013,LN96b,G_1,1.246666667,-2.442942496,22.58,22.94
G014,LN96b,G_1,1.693333333,-2.442942496,22.58,22.94
G015,LN96b,G_1,0.26,-2.442942496,22.58,22.94
G016,LN96b,G_1,0.28,-2.442942496,22.58,22.94
G017,LN96b,G_1,0.38,-2.442942496,22.58,22.94
G018,LN96b,G_1,0.92,-2.442942496,22.58,22.94
G019,LN96b,G_1,0.953333333,-2.442942496,22.58,22.94
G020,LN96b,G_1,0.806666667,-2.442942496,22.58,22.94
G021,LN96b,G_1,0.206666667,-2.442942496,22.58,22.94
G022,LN96b,G_1,0.126666667,-2.442942496,22.58,22.94
G023,LN96b,G_1,0.946666667,-2.442942496,22.58,22.94
G024,LN96b,G_1,0.42,-2.442942496,22.58,22.94
G025,LN96b,G_1,1.026666667,-2.442942496,22.58,22.94
G026,LN96b,G_1,1.1,-2.442942496,22.58,22.94
G027,LN96b,G_1,0,-2.442942496,22.58,22.94
G028,LN96b,G_1,0.513333333,-2.442942496,22.58,22.94
G029,LN96b,G_1,0.273333333,-2.442942496,22.58,22.94
G030,LN96b,G_1,0.433333333,-2.442942496,22.58,22.94
G031,LN96b,G_1,0.353333333,-2.442942496,22.58,22.94
G032,LN96b,G_1,0.573333333,-2.442942496,22.58,22.94
G033,LN96b,G_1,0.673333333,-2.442942496,22.58,22.94
G034,LN96b,G_1,0.68,-2.442942496,22.58,22.94
G035,LN96b,G_1,0.32,-2.442942496,22.58,22.94
G036,LN96b,G_1,0.726666667,-2.442942496,22.58,22.94
G037,LN96b,G_1,0.393333333,-2.442942496,22.58,22.94
G038,LN96b,G_1,0.433333333,-2.442942496,22.58,22.94
G039,LN96b,G_1,0.573333333,-2.442942496,22.58,22.94
G040,LN96b,G_1,0.193333333,-2.442942496,22.58,22.94
G041,LN96b,G_1,1.926666667,-2.442942496,22.58,22.94
G042,LN96b,G_1,0.426666667,-2.442942496,22.58,22.94
G043,LN96b,G_1,0.446666667,-2.442942496,22.58,22.94
G044,LN96b,G_1,0.273333333,-2.442942496,22.58,22.94
G045,LN96b,G_1,0.353333333,-2.442942496,22.58,22.94
G046,LN96b,G_1,0.593333333,-2.442942496,22.58,22.94
G047,LN96b,G_1,0.566666667,-2.442942496,22.58,22.94
G048,LN96b,G_1,0.473333333,-2.442942496,22.58,22.94
G049,LN96b,G_1,0.66,-2.442942496,22.58,22.94
G050,LN96b,G_1,1.193333333,-2.442942496,22.58,22.94
G051,LN96b,G_1,0.14,-2.442942496,22.58,22.94
G052,LN96b,G_1,0.413333333,-2.442942496,22.58,22.94
G053,LN96b,G_1,0.806666667,-2.442942496,22.58,22.94
G054,LN96b,G_1,0.16,-2.442942496,22.58,22.94
G055,LN96b,G_1,0.486666667,-2.442942496,22.58,22.94
G056,LN96b,G_1,0.66,-2.442942496,22.58,22.94
G057,LN96b,G_1,0.433333333,-2.442942496,22.58,22.94
G058,LN96b,G_1,0.393333333,-2.442942496,22.58,22.94
G059,LN96b,G_1,0.166666667,-2.442942496,22.58,22.94
G060,LN96b,G_1,1.553333333,-2.442942496,22.58,22.94
G061,LN96b,G_1,0.693333333,-2.442942496,22.58,22.94
G062,LN96b,G_1,0.906666667,-2.442942496,22.58,22.94
G063,LN96b,G_1,0.326666667,-2.442942496,22.58,22.94
G064,LN96b,G_1,0.546666667,-2.442942496,22.58,22.94
G065,LN96b,G_1,0.313333333,-2.442942496,22.58,22.94
G066,LN96b,G_1,0.513333333,-2.442942496,22.58,22.94
G067,LN96b,G_1,0.473333333,-2.442942496,22.58,22.94
G068,LN96b,G_1,0.913333333,-2.442942496,22.58,22.94
G069,LN96b,G_1,0.726666667,-2.442942496,22.58,22.94
G070,LN96b,G_1,0.18,-2.442942496,22.58,22.94
G071,LN96b,G_1,0.113333333,-2.442942496,22.58,22.94
G072,LN96b,G_1,0.193333333,-2.442942496,22.58,22.94
G073,LN96b,G_1,0.153333333,-2.442942496,22.58,22.94
G074,LN96b,G_1,0.233333333,-2.442942496,22.58,22.94
G075,LN96b,G_1,0.193333333,-2.442942496,22.58,22.94
G076,LN96b,G_1,-0.04,-2.442942496,22.58,22.94
G077,LN96b,G_1,0.353333333,-2.442942496,22.58,22.94
G078,LN96b,G_1,0.393333333,-2.442942496,22.58,22.94
G079,LN96b,G_1,0.566666667,-2.442942496,22.58,22.94
G080,LN96b,G_1,0.426666667,-2.442942496,22.58,22.94
G081,LN96b,G_1,0.646666667,-2.442942496,22.58,22.94
G082,LN96b,G_1,0.7,-2.442942496,22.58,22.94
G083,LN96b,G_1,0.246666667,-2.442942496,22.58,22.94
G084,LN96b,G_1,0.36,-2.442942496,22.58,22.94
G085,LN96b,G_1,0.72,-2.442942496,22.58,22.94
G086,LN96b,G_1,0.446666667,-2.442942496,22.58,22.94
G087,LN96b,G_1,0.566666667,-2.442942496,22.58,22.94
G088,LN96b,G_1,0.646666667,-2.442942496,22.58,22.94
G089,LN96b,G_1,0.073333333,-2.442942496,22.58,22.94
G090,LN96b,G_1,0.153333333,-2.442942496,22.58,22.94
G091,LN96b,G_1,0.206666667,-2.442942496,22.58,22.94
G092,LN96b,G_1,0.186666667,-2.442942496,22.58,22.94
G093,LN96b,G_1,-0.006666667,-2.442942496,22.58,22.94
G094,LN96b,G_1,0.086666667,-2.442942496,22.58,22.94
G095,LN96b,G_1,0.646666667,-2.442942496,22.58,22.94
G096,LN96b,G_1,0.8,-2.442942496,22.58,22.94
G097,LN96b,G_1,0.366666667,-2.442942496,22.58,22.94
G098,LN96b,G_1,0.633333333,-2.442942496,22.58,22.94
G099,LN96b,G_1,0.733333333,-2.442942496,22.58,22.94
G100,LN96b,G_1,0.66,-2.442942496,22.58,22.94
G101,LN96b,G_1,1.346666667,-2.442942496,22.58,22.94
G102,LN96b,G_1,0.38,-2.442942496,22.58,22.94
G103,LN96b,G_1,0.68,-2.442942496,22.58,22.94
G104,LN96b,G_1,1.233333333,-2.442942496,22.58,22.94
G105,LN96b,G_1,0.74,-2.442942496,22.58,22.94
G106,LN96b,G_1,1.246666667,-2.442942496,22.58,22.94
G107,LN96b,G_1,0.226666667,-2.442942496,22.58,22.94
G108,LN96b,G_1,0.313333333,-2.442942496,22.58,22.94
G109,LN96b,G_1,0.553333333,-2.442942496,22.58,22.94
G110,LN96b,G_1,-0.073333333,-2.442942496,22.58,22.94
G111,LN96b,G_1,0.78,-2.442942496,22.58,22.94
G112,LN96b,G_1,0.786666667,-2.442942496,22.58,22.94
G113,LN96b,G_1,-0.3,-2.442942496,22.58,22.94
G114,LN96b,G_1,0.553333333,-2.442942496,22.58,22.94
G115,LN96b,G_1,2.313333333,-2.442942496,22.58,22.94
G116,LN96b,G_1,0.913333333,-2.442942496,22.58,22.94
G117,LN96b,G_1,0.326666667,-2.442942496,22.58,22.94
G118,LN96b,G_1,0.353333333,-2.442942496,22.58,22.94
G119,LN96b,G_1,0.726666667,-2.442942496,22.58,22.94
G120,LN96b,G_1,0.806666667,-2.442942496,22.58,22.94
G121,LN96b,G_1,0.833333333,-2.442942496,22.58,22.94
G122,LN96b,G_1,0.626666667,-2.442942496,22.58,22.94
G123,LN96b,G_1,1.213333333,-2.442942496,22.58,22.94
G124,LN96b,G_1,0.953333333,-2.442942496,22.58,22.94
G125,LN96b,G_1,0.82,-2.442942496,22.58,22.94
G126,LN96b,G_1,0.44,-2.442942496,22.58,22.94
G127,LN96b,G_1,0.86,-2.442942496,22.58,22.94
G128,LN96b,G_1,0.313333333,-2.442942496,22.58,22.94
G129,LN96b,G_1,1.28,-2.442942496,22.58,22.94
G130,LN96b,G_1,0.32,-2.442942496,22.58,22.94
G131,LN96b,G_1,1.38,-2.442942496,22.58,22.94
G132,LN96b,G_1,1.073333333,-2.442942496,22.58,22.94
G133,LN96b,G_1,0.453333333,-2.442942496,22.58,22.94
G134,LN96b,G_1,0.6,-2.442942496,22.58,22.94
G135,LN96b,G_1,0.933333333,-2.442942496,22.58,22.94
G136,LN96b,G_1,1.926666667,-2.442942496,22.58,22.94
G137,LN96b,G_1,0.793333333,-2.442942496,22.58,22.94
G138,LN96b,G_1,0.226666667,-2.442942496,22.58,22.94
G139,LN96b,G_1,-0.153333333,-2.442942496,22.58,22.94
G140,LN96b,G_1,0.24,-2.442942496,22.58,22.94
G141,LN96b,G_1,1,-2.442942496,22.58,22.94
G142,LN96b,G_1,1.02,-2.442942496,22.58,22.94
G143,LN96b,G_1,0.32,-2.442942496,22.58,22.94
G144,LN96b,G_1,0.8,-2.442942496,22.58,22.94
G145,LN96b,G_1,0.3,-2.442942496,22.58,22.94
G146,LN96b,G_1,0.786666667,-2.442942496,22.58,22.94
G147,LN96b,G_1,0.526666667,-2.442942496,22.58,22.94
G148,LN96b,G_1,0.42,-2.442942496,22.58,22.94
G149,LN96b,G_1,0.106666667,-2.442942496,22.58,22.94
G150,LN96b,G_1,0.526666667,-2.442942496,22.58,22.94
G151,LN96b,G_1,0.2,-2.442942496,22.58,22.94
G152,LN96b,G_1,1.066666667,-2.442942496,22.58,22.94
G153,LN96b,G_1,0.266666667,-2.442942496,22.58,22.94
G154,LN96b,G_1,0.92,-2.442942496,22.58,22.94
G155,LN96b,G_1,0.36,-2.442942496,22.58,22.94
G156,LN96b,G_1,0.42,-2.442942496,22.58,22.94
G157,LN96b,G_1,0.466666667,-2.442942496,22.58,22.94
G158,LN96b,G_1,0.233333333,-2.442942496,22.58,22.94
G159,LN96b,G_1,0.166666667,-2.442942496,22.58,22.94
G160,LN96b,G_1,1.553333333,-2.442942496,22.58,22.94
G161,LN96b,G_1,0.426666667,-2.442942496,22.58,22.94
G162,LN96b,G_1,0.586666667,-2.442942496,22.58,22.94
G163,LN96b,G_1,0.373333333,-2.442942496,22.58,22.94
G164,LN96b,G_1,0.426666667,-2.442942496,22.58,22.94
G165,LN96b,G_1,0.353333333,-2.442942496,22.58,22.94
G166,LN96b,G_1,0.7,-2.442942496,22.58,22.94
G167,LN96b,G_1,1.673333333,-2.442942496,22.58,22.94
G168,LN96b,G_1,0.526666667,-2.442942496,22.58,22.94
G169,LN96b,G_1,0.52,-2.442942496,22.58,22.94
G170,LN96b,G_1,0.3,-2.442942496,22.58,22.94
G171,LN96b,G_1,0.713333333,-2.442942496,22.58,22.94
G172,LN96b,G_1,0.593333333,-2.442942496,22.58,22.94
G173,LN96b,G_1,0.453333333,-2.442942496,22.58,22.94
G174,LN96b,G_1,0.486666667,-2.442942496,22.58,22.94
G175,LN96b,G_1,0.446666667,-2.442942496,22.58,22.94
G176,LN96b,G_1,0.326666667,-2.442942496,22.58,22.94
G177,LN96b,G_1,0.653333333,-2.442942496,22.58,22.94
G178,LN96b,G_1,0.38,-2.442942496,22.58,22.94
G179,LN96b,G_1,-0.04,-2.442942496,22.58,22.94
G180,LN96b,G_1,0.353333333,-2.442942496,22.58,22.94
G181,LN96b,G_1,0.953333333,-2.442942496,22.58,22.94
G182,LN96b,G_1,0.293333333,-2.442942496,22.58,22.94
G183,LN96b,G_1,0.846666667,-2.442942496,22.58,22.94
G184,LN96b,G_1,0.766666667,-2.442942496,22.58,22.94
G185,LN96b,G_1,0.646666667,-2.442942496,22.58,22.94
G186,LN96b,G_1,1.473333333,-2.442942496,22.58,22.94
G187,LN96b,G_1,0.72,-2.442942496,22.58,22.94
G188,LN96b,G_1,0.266666667,-2.442942496,22.58,22.94
G189,LN96b,G_1,0.2,-2.442942496,22.58,22.94
G190,LN96b,G_1,0.273333333,-2.442942496,22.58,22.94
G191,LN96b,G_1,0.68,-2.442942496,22.58,22.94
G192,LN96b,G_1,0.773333333,-2.442942496,22.58,22.94
G193,LN96b,G_1,0.38,-2.442942496,22.58,22.94
G194,LN96b,G_1,0.126666667,-2.442942496,22.58,22.94
G195,LN96b,G_1,0.493333333,-2.442942496,22.58,22.94
G196,LN96b,G_1,0.54,-2.442942496,22.58,22.94
G197,LN96b,G_1,1.126666667,-2.442942496,22.58,22.94
G198,LN96b,G_1,0.62,-2.442942496,22.58,22.94
G199,LN96b,G_1,0.333333333,-2.442942496,22.58,22.94
G200,LN96b,G_1,1.626666667,-2.442942496,22.58,22.94
G201,LN96b,G_1,0.54,-2.442942496,22.58,22.94
G202,LN96b,G_1,1.193333333,-2.442942496,22.58,22.94
G203,LN96b,G_1,1.053333333,-2.442942496,22.58,22.94
G204,LN96b,G_1,1.073333333,-2.442942496,22.58,22.94
G205,LN96b,G_1,0.653333333,-2.442942496,22.58,22.94
G206,LN96b,G_1,0.806666667,-2.442942496,22.58,22.94
G207,LN96b,G_1,1.106666667,-2.442942496,22.58,22.94
G208,LN96b,G_1,1.24,-2.442942496,22.58,22.94
G209,LN96b,G_1,0.293333333,-2.442942496,22.58,22.94
G210,LN96b,G_1,1.16,-2.442942496,22.58,22.94
G211,LN96b,G_1,0.16,-2.442942496,22.58,22.94
G001,SS92a,G_2,3.289333333,-0.587828752,9.7,18.2
G002,SS92a,G_2,2.922666667,-0.587828752,9.7,18.2
G003,SS92a,G_2,2.728666667,-0.587828752,9.7,18.2
G004,SS92a,G_2,2.460666667,-0.587828752,9.7,18.2
G005,SS92a,G_2,2.848666667,-0.587828752,9.7,18.2
G006,SS92a,G_2,1.782666667,-0.587828752,9.7,18.2
G007,SS92a,G_2,2.509333333,-0.587828752,9.7,18.2
G008,SS92a,G_2,1.053333333,-0.587828752,9.7,18.2
G009,SS92a,G_2,1.345333333,-0.587828752,9.7,18.2
G010,SS92a,G_2,3.298666667,-0.587828752,9.7,18.2
G011,SS92a,G_2,2.323333333,-0.587828752,9.7,18.2
G012,SS92a,G_2,2.374666667,-0.587828752,9.7,18.2
G013,SS92a,G_2,2.752,-0.587828752,9.7,18.2
G014,SS92a,G_2,1.854666667,-0.587828752,9.7,18.2
G015,SS92a,G_2,2.104,-0.587828752,9.7,18.2
G016,SS92a,G_2,0.599333333,-0.587828752,9.7,18.2
G017,SS92a,G_2,1.434666667,-0.587828752,9.7,18.2
G018,SS92a,G_2,1.814,-0.587828752,9.7,18.2
G019,SS92a,G_2,4.046666667,-0.587828752,9.7,18.2
G020,SS92a,G_2,2.502,-0.587828752,9.7,18.2
G021,SS92a,G_2,1.852,-0.587828752,9.7,18.2
G022,SS92a,G_2,2.494,-0.587828752,9.7,18.2
G023,SS92a,G_2,3.322666667,-0.587828752,9.7,18.2
G024,SS92a,G_2,2.024,-0.587828752,9.7,18.2
G025,SS92a,G_2,2.946666667,-0.587828752,9.7,18.2
G026,SS92a,G_2,2.282,-0.587828752,9.7,18.2
G027,SS92a,G_2,1.838666667,-0.587828752,9.7,18.2
G028,SS92a,G_2,3.8,-0.587828752,9.7,18.2
G029,SS92a,G_2,1.807333333,-0.587828752,9.7,18.2
G030,SS92a,G_2,2.43,-0.587828752,9.7,18.2
G031,SS92a,G_2,2.238,-0.587828752,9.7,18.2
G032,SS92a,G_2,3.489333333,-0.587828752,9.7,18.2
G033,SS92a,G_2,1.164666667,-0.587828752,9.7,18.2
G034,SS92a,G_2,3.509333333,-0.587828752,9.7,18.2
G035,SS92a,G_2,1.751333333,-0.587828752,9.7,18.2
G036,SS92a,G_2,3.122,-0.587828752,9.7,18.2
G037,SS92a,G_2,2.746,-0.587828752,9.7,18.2
G038,SS92a,G_2,1.2,-0.587828752,9.7,18.2
G039,SS92a,G_2,3.342666667,-0.587828752,9.7,18.2
G040,SS92a,G_2,2.654,-0.587828752,9.7,18.2
G041,SS92a,G_2,3.267333333,-0.587828752,9.7,18.2
G042,SS92a,G_2,3.338,-0.587828752,9.7,18.2
G043,SS92a,G_2,2.520666667,-0.587828752,9.7,18.2
G044,SS92a,G_2,2.097333333,-0.587828752,9.7,18.2
G045,SS92a,G_2,2.676666667,-0.587828752,9.7,18.2
G046,SS92a,G_2,1.82,-0.587828752,9.7,18.2
G047,SS92a,G_2,2.692666667,-0.587828752,9.7,18.2
G048,SS92a,G_2,2.006,-0.587828752,9.7,18.2
G049,SS92a,G_2,2.644,-0.587828752,9.7,18.2
G050,SS92a,G_2,3.996666667,-0.587828752,9.7,18.2
G051,SS92a,G_2,2.559333333,-0.587828752,9.7,18.2
G052,SS92a,G_2,2.032,-0.587828752,9.7,18.2
G053,SS92a,G_2,2.536666667,-0.587828752,9.7,18.2
G054,SS92a,G_2,1.881333333,-0.587828752,9.7,18.2
G055,SS92a,G_2,3.034666667,-0.587828752,9.7,18.2
G056,SS92a,G_2,3.026,-0.587828752,9.7,18.2
G057,SS92a,G_2,2.095333333,-0.587828752,9.7,18.2
G058,SS92a,G_2,3.885333333,-0.587828752,9.7,18.2
G059,SS92a,G_2,2.378666667,-0.587828752,9.7,18.2
G060,SS92a,G_2,1.818666667,-0.587828752,9.7,18.2
G061,SS92a,G_2,1.862666667,-0.587828752,9.7,18.2
G062,SS92a,G_2,2.564666667,-0.587828752,9.7,18.2
G063,SS92a,G_2,3.281333333,-0.587828752,9.7,18.2
G064,SS92a,G_2,2.226666667,-0.587828752,9.7,18.2
G065,SS92a,G_2,2.2,-0.587828752,9.7,18.2
G066,SS92a,G_2,2.369333333,-0.587828752,9.7,18.2
G067,SS92a,G_2,3.553333333,-0.587828752,9.7,18.2
G068,SS92a,G_2,4.192666667,-0.587828752,9.7,18.2
G069,SS92a,G_2,3.259333333,-0.587828752,9.7,18.2
G070,SS92a,G_2,1.999333333,-0.587828752,9.7,18.2
G071,SS92a,G_2,1.424,-0.587828752,9.7,18.2
G072,SS92a,G_2,2.599333333,-0.587828752,9.7,18.2
G073,SS92a,G_2,1.157333333,-0.587828752,9.7,18.2
G074,SS92a,G_2,1.542,-0.587828752,9.7,18.2
G075,SS92a,G_2,1.822666667,-0.587828752,9.7,18.2
G076,SS92a,G_2,2.158666667,-0.587828752,9.7,18.2
G077,SS92a,G_2,3.352666667,-0.587828752,9.7,18.2
G078,SS92a,G_2,2.488,-0.587828752,9.7,18.2
G079,SS92a,G_2,1.932,-0.587828752,9.7,18.2
G080,SS92a,G_2,2.605333333,-0.587828752,9.7,18.2
G081,SS92a,G_2,2.966,-0.587828752,9.7,18.2
G082,SS92a,G_2,2.088666667,-0.587828752,9.7,18.2
G083,SS92a,G_2,2.064,-0.587828752,9.7,18.2
G084,SS92a,G_2,1.214666667,-0.587828752,9.7,18.2
G085,SS92a,G_2,4.39,-0.587828752,9.7,18.2
G086,SS92a,G_2,3.564666667,-0.587828752,9.7,18.2
G087,SS92a,G_2,2.992,-0.587828752,9.7,18.2
G088,SS92a,G_2,2.932,-0.587828752,9.7,18.2
G089,SS92a,G_2,3.822,-0.587828752,9.7,18.2
G090,SS92a,G_2,1.399333333,-0.587828752,9.7,18.2
G091,SS92a,G_2,3.213333333,-0.587828752,9.7,18.2
G092,SS92a,G_2,2.196666667,-0.587828752,9.7,18.2
G093,SS92a,G_2,2.346,-0.587828752,9.7,18.2
G094,SS92a,G_2,3.517333333,-0.587828752,9.7,18.2
G095,SS92a,G_2,1.631333333,-0.587828752,9.7,18.2
G096,SS92a,G_2,1.163333333,-0.587828752,9.7,18.2
G097,SS92a,G_2,1.508,-0.587828752,9.7,18.2
G098,SS92a,G_2,1.486666667,-0.587828752,9.7,18.2
G099,SS92a,G_2,2.793333333,-0.587828752,9.7,18.2
G100,SS92a,G_2,2.705333333,-0.587828752,9.7,18.2
G101,SS92a,G_2,1.719333333,-0.587828752,9.7,18.2
G102,SS92a,G_2,2.496,-0.587828752,9.7,18.2
G103,SS92a,G_2,2.624,-0.587828752,9.7,18.2
G104,SS92a,G_2,3.624,-0.587828752,9.7,18.2
G105,SS92a,G_2,1.812,-0.587828752,9.7,18.2
G106,SS92a,G_2,3.428666667,-0.587828752,9.7,18.2
G107,SS92a,G_2,2.116,-0.587828752,9.7,18.2
G108,SS92a,G_2,2.977333333,-0.587828752,9.7,18.2
G109,SS92a,G_2,2.466,-0.587828752,9.7,18.2
G110,SS92a,G_2,2.262,-0.587828752,9.7,18.2
G111,SS92a,G_2,0.818,-0.587828752,9.7,18.2
G112,SS92a,G_2,1.797333333,-0.587828752,9.7,18.2
G113,SS92a,G_2,1.156666667,-0.587828752,9.7,18.2
G114,SS92a,G_2,1.489333333,-0.587828752,9.7,18.2
G115,SS92a,G_2,2.93,-0.587828752,9.7,18.2
G116,SS92a,G_2,2.244,-0.587828752,9.7,18.2
G117,SS92a,G_2,2.199333333,-0.587828752,9.7,18.2
G118,SS92a,G_2,0.600133333,-0.587828752,9.7,18.2
G119,SS92a,G_2,2.055333333,-0.587828752,9.7,18.2
G120,SS92a,G_2,1.460666667,-0.587828752,9.7,18.2
G121,SS92a,G_2,4.204666667,-0.587828752,9.7,18.2
G122,SS92a,G_2,1.721333333,-0.587828752,9.7,18.2
G123,SS92a,G_2,3.060666667,-0.587828752,9.7,18.2
G124,SS92a,G_2,1.756,-0.587828752,9.7,18.2
G125,SS92a,G_2,2.361333333,-0.587828752,9.7,18.2
G126,SS92a,G_2,0.310866667,-0.587828752,9.7,18.2
G127,SS92a,G_2,3.685333333,-0.587828752,9.7,18.2
G128,SS92a,G_2,1.969333333,-0.587828752,9.7,18.2
G129,SS92a,G_2,4.592,-0.587828752,9.7,18.2
G130,SS92a,G_2,2.916666667,-0.587828752,9.7,18.2
G131,SS92a,G_2,2.342,-0.587828752,9.7,18.2
G132,SS92a,G_2,2.061333333,-0.587828752,9.7,18.2
G133,SS92a,G_2,0.838666667,-0.587828752,9.7,18.2
G134,SS92a,G_2,1.492666667,-0.587828752,9.7,18.2
G135,SS92a,G_2,3.927333333,-0.587828752,9.7,18.2
G136,SS92a,G_2,1.472666667,-0.587828752,9.7,18.2
G137,SS92a,G_2,2.284,-0.587828752,9.7,18.2
G138,SS92a,G_2,1.898666667,-0.587828752,9.7,18.2
G139,SS92a,G_2,1.804666667,-0.587828752,9.7,18.2
G140,SS92a,G_2,1.641333333,-0.587828752,9.7,18.2
G141,SS92a,G_2,2.396666667,-0.587828752,9.7,18.2
G142,SS92a,G_2,3.946666667,-0.587828752,9.7,18.2
G143,SS92a,G_2,1.728,-0.587828752,9.7,18.2
G144,SS92a,G_2,3.751333333,-0.587828752,9.7,18.2
G145,SS92a,G_2,2.832666667,-0.587828752,9.7,18.2
G146,SS92a,G_2,2.207333333,-0.587828752,9.7,18.2
G147,SS92a,G_2,1.896666667,-0.587828752,9.7,18.2
G148,SS92a,G_2,1.967333333,-0.587828752,9.7,18.2
G149,SS92a,G_2,2.921333333,-0.587828752,9.7,18.2
G150,SS92a,G_2,1.147333333,-0.587828752,9.7,18.2
G151,SS92a,G_2,2.311333333,-0.587828752,9.7,18.2
G152,SS92a,G_2,3.765333333,-0.587828752,9.7,18.2
G153,SS92a,G_2,1.297333333,-0.587828752,9.7,18.2
G154,SS92a,G_2,2.762,-0.587828752,9.7,18.2
G155,SS92a,G_2,3.567333333,-0.587828752,9.7,18.2
G156,SS92a,G_2,3.966,-0.587828752,9.7,18.2
G157,SS92a,G_2,3.082,-0.587828752,9.7,18.2
G158,SS92a,G_2,2.301333333,-0.587828752,9.7,18.2
G159,SS92a,G_2,3.189333333,-0.587828752,9.7,18.2
G160,SS92a,G_2,3.821333333,-0.587828752,9.7,18.2
G161,SS92a,G_2,3.833333333,-0.587828752,9.7,18.2
G162,SS92a,G_2,4.297333333,-0.587828752,9.7,18.2
G163,SS92a,G_2,2.473333333,-0.587828752,9.7,18.2
G164,SS92a,G_2,2.209333333,-0.587828752,9.7,18.2
G165,SS92a,G_2,2.107333333,-0.587828752,9.7,18.2
G166,SS92a,G_2,3.645333333,-0.587828752,9.7,18.2
G167,SS92a,G_2,3.505333333,-0.587828752,9.7,18.2
G168,SS92a,G_2,2.958,-0.587828752,9.7,18.2
G169,SS92a,G_2,1.968666667,-0.587828752,9.7,18.2
G170,SS92a,G_2,2.16,-0.587828752,9.7,18.2
G171,SS92a,G_2,1.755333333,-0.587828752,9.7,18.2
G172,SS92a,G_2,1.406,-0.587828752,9.7,18.2
G173,SS92a,G_2,1.941333333,-0.587828752,9.7,18.2
G174,SS92a,G_2,1.194666667,-0.587828752,9.7,18.2
G175,SS92a,G_2,2.321333333,-0.587828752,9.7,18.2
G176,SS92a,G_2,3.662666667,-0.587828752,9.7,18.2
G177,SS92a,G_2,2.938,-0.587828752,9.7,18.2
G178,SS92a,G_2,3.336,-0.587828752,9.7,18.2
G179,SS92a,G_2,1.126666667,-0.587828752,9.7,18.2
G180,SS92a,G_2,1.114666667,-0.587828752,9.7,18.2
G181,SS92a,G_2,2.106,-0.587828752,9.7,18.2
G182,SS92a,G_2,2.126,-0.587828752,9.7,18.2
G183,SS92a,G_2,1.640666667,-0.587828752,9.7,18.2
G184,SS92a,G_2,1.781333333,-0.587828752,9.7,18.2
G185,SS92a,G_2,3.006666667,-0.587828752,9.7,18.2
G186,SS92a,G_2,5.359333333,-0.587828752,9.7,18.2
G187,SS92a,G_2,2.760666667,-0.587828752,9.7,18.2
G188,SS92a,G_2,2.008,-0.587828752,9.7,18.2
G189,SS92a,G_2,1.866,-0.587828752,9.7,18.2
G190,SS92a,G_2,2.605333333,-0.587828752,9.7,18.2
G191,SS92a,G_2,2.509333333,-0.587828752,9.7,18.2
G192,SS92a,G_2,3.872666667,-0.587828752,9.7,18.2
G193,SS92a,G_2,2.309333333,-0.587828752,9.7,18.2
G194,SS92a,G_2,2.296,-0.587828752,9.7,18.2
G195,SS92a,G_2,3.224666667,-0.587828752,9.7,18.2
G196,SS92a,G_2,2.140666667,-0.587828752,9.7,18.2
G197,SS92a,G_2,2.278,-0.587828752,9.7,18.2
G198,SS92a,G_2,5.144,-0.587828752,9.7,18.2
G199,SS92a,G_2,2.329333333,-0.587828752,9.7,18.2
G200,SS92a,G_2,2.760666667,-0.587828752,9.7,18.2
G201,SS92a,G_2,2.320666667,-0.587828752,9.7,18.2
G202,SS92a,G_2,1.866666667,-0.587828752,9.7,18.2
G203,SS92a,G_2,1.916666667,-0.587828752,9.7,18.2
G204,SS92a,G_2,2.952,-0.587828752,9.7,18.2
G205,SS92a,G_2,2.658666667,-0.587828752,9.7,18.2
G206,SS92a,G_2,1.948666667,-0.587828752,9.7,18.2
G207,SS92a,G_2,1.859333333,-0.587828752,9.7,18.2
G208,SS92a,G_2,2.069333333,-0.587828752,9.7,18.2
G209,SS92a,G_2,2.925333333,-0.587828752,9.7,18.2
G210,SS92a,G_2,1.68,-0.587828752,9.7,18.2
G211,SS92a,G_2,0.956666667,-0.587828752,9.7,18.2
G001,SS94a,G_2,2.984,-0.284581675,11.48,28.14
G002,SS94a,G_2,2.21,-0.284581675,11.48,28.14
G003,SS94a,G_2,2.421333333,-0.284581675,11.48,28.14
G004,SS94a,G_2,1.496,-0.284581675,11.48,28.14
G005,SS94a,G_2,1.738,-0.284581675,11.48,28.14
G006,SS94a,G_2,2.671333333,-0.284581675,11.48,28.14
G007,SS94a,G_2,2.173333333,-0.284581675,11.48,28.14
G008,SS94a,G_2,2.776666667,-0.284581675,11.48,28.14
G009,SS94a,G_2,2.038,-0.284581675,11.48,28.14
G010,SS94a,G_2,3.711333333,-0.284581675,11.48,28.14
G011,SS94a,G_2,2.011333333,-0.284581675,11.48,28.14
G012,SS94a,G_2,1.61,-0.284581675,11.48,28.14
G013,SS94a,G_2,3.94,-0.284581675,11.48,28.14
G014,SS94a,G_2,2.654,-0.284581675,11.48,28.14
G015,SS94a,G_2,2.387333333,-0.284581675,11.48,28.14
G016,SS94a,G_2,1.214666667,-0.284581675,11.48,28.14
G017,SS94a,G_2,1.846666667,-0.284581675,11.48,28.14
G018,SS94a,G_2,3.198666667,-0.284581675,11.48,28.14
G019,SS94a,G_2,4.936,-0.284581675,11.48,28.14
G020,SS94a,G_2,2.083333333,-0.284581675,11.48,28.14
G021,SS94a,G_2,1.823333333,-0.284581675,11.48,28.14
G022,SS94a,G_2,3.302,-0.284581675,11.48,28.14
G023,SS94a,G_2,2.048666667,-0.284581675,11.48,28.14
G024,SS94a,G_2,1.732,-0.284581675,11.48,28.14
G025,SS94a,G_2,4.350666667,-0.284581675,11.48,28.14
G026,SS94a,G_2,1.656,-0.284581675,11.48,28.14
G027,SS94a,G_2,2.482666667,-0.284581675,11.48,28.14
G028,SS94a,G_2,5.911333333,-0.284581675,11.48,28.14
G029,SS94a,G_2,2.458,-0.284581675,11.48,28.14
G030,SS94a,G_2,4.206,-0.284581675,11.48,28.14
G031,SS94a,G_2,3.357333333,-0.284581675,11.48,28.14
G032,SS94a,G_2,2.57,-0.284581675,11.48,28.14
G033,SS94a,G_2,1.300666667,-0.284581675,11.48,28.14
G034,SS94a,G_2,3.556,-0.284581675,11.48,28.14
G035,SS94a,G_2,1.541333333,-0.284581675,11.48,28.14
G036,SS94a,G_2,2.088666667,-0.284581675,11.48,28.14
G037,SS94a,G_2,2.296,-0.284581675,11.48,28.14
G038,SS94a,G_2,1.472,-0.284581675,11.48,28.14
G039,SS94a,G_2,3.514,-0.284581675,11.48,28.14
G040,SS94a,G_2,1.952,-0.284581675,11.48,28.14
G041,SS94a,G_2,1.016666667,-0.284581675,11.48,28.14
G042,SS94a,G_2,1.955333333,-0.284581675,11.48,28.14
G043,SS94a,G_2,3.114,-0.284581675,11.48,28.14
G044,SS94a,G_2,1.509333333,-0.284581675,11.48,28.14
G045,SS94a,G_2,4.764666667,-0.284581675,11.48,28.14
G046,SS94a,G_2,2.610666667,-0.284581675,11.48,28.14
G047,SS94a,G_2,1.326,-0.284581675,11.48,28.14
G048,SS94a,G_2,4.204666667,-0.284581675,11.48,28.14
G049,SS94a,G_2,2.267333333,-0.284581675,11.48,28.14
G050,SS94a,G_2,3.742666667,-0.284581675,11.48,28.14
G051,SS94a,G_2,2.327333333,-0.284581675,11.48,28.14
G052,SS94a,G_2,2.614,-0.284581675,11.48,28.14
G053,SS94a,G_2,2.217333333,-0.284581675,11.48,28.14
G054,SS94a,G_2,2.318666667,-0.284581675,11.48,28.14
G055,SS94a,G_2,4.134666667,-0.284581675,11.48,28.14
G056,SS94a,G_2,4.878,-0.284581675,11.48,28.14
G057,SS94a,G_2,2.796,-0.284581675,11.48,28.14
G058,SS94a,G_2,1.615333333,-0.284581675,11.48,28.14
G059,SS94a,G_2,2.53,-0.284581675,11.48,28.14
G060,SS94a,G_2,1.480666667,-0.284581675,11.48,28.14
G061,SS94a,G_2,4.433333333,-0.284581675,11.48,28.14
G062,SS94a,G_2,3.472,-0.284581675,11.48,28.14
G063,SS94a,G_2,2.187333333,-0.284581675,11.48,28.14
G064,SS94a,G_2,2.328,-0.284581675,11.48,28.14
G065,SS94a,G_2,2.275333333,-0.284581675,11.48,28.14
G066,SS94a,G_2,3.673333333,-0.284581675,11.48,28.14
G067,SS94a,G_2,3.854666667,-0.284581675,11.48,28.14
G068,SS94a,G_2,5.221333333,-0.284581675,11.48,28.14
G069,SS94a,G_2,2.928,-0.284581675,11.48,28.14
G070,SS94a,G_2,2.721333333,-0.284581675,11.48,28.14
G071,SS94a,G_2,2.538666667,-0.284581675,11.48,28.14
G072,SS94a,G_2,2.784666667,-0.284581675,11.48,28.14
G073,SS94a,G_2,2.236,-0.284581675,11.48,28.14
G074,SS94a,G_2,2.309333333,-0.284581675,11.48,28.14
G075,SS94a,G_2,3.13,-0.284581675,11.48,28.14
G076,SS94a,G_2,0.450133333,-0.284581675,11.48,28.14
G077,SS94a,G_2,5.316,-0.284581675,11.48,28.14
G078,SS94a,G_2,2.342,-0.284581675,11.48,28.14
G079,SS94a,G_2,1.748,-0.284581675,11.48,28.14
G080,SS94a,G_2,2.724666667,-0.284581675,11.48,28.14
G081,SS94a,G_2,2.490666667,-0.284581675,11.48,28.14
G082,SS94a,G_2,3.462666667,-0.284581675,11.48,28.14
G083,SS94a,G_2,3.581333333,-0.284581675,11.48,28.14
G084,SS94a,G_2,2.166,-0.284581675,11.48,28.14
G085,SS94a,G_2,2.553333333,-0.284581675,11.48,28.14
G086,SS94a,G_2,1.629333333,-0.284581675,11.48,28.14
G087,SS94a,G_2,3.454666667,-0.284581675,11.48,28.14
G088,SS94a,G_2,1.779333333,-0.284581675,11.48,28.14
G089,SS94a,G_2,2.294,-0.284581675,11.48,28.14
G090,SS94a,G_2,2.234,-0.284581675,11.48,28.14
G091,SS94a,G_2,2.326666667,-0.284581675,11.48,28.14
G092,SS94a,G_2,1.452,-0.284581675,11.48,28.14
G093,SS94a,G_2,1.936666667,-0.284581675,11.48,28.14
G094,SS94a,G_2,3.474666667,-0.284581675,11.48,28.14
G095,SS94a,G_2,2.361333333,-0.284581675,11.48,28.14
G096,SS94a,G_2,2.572666667,-0.284581675,11.48,28.14
G097,SS94a,G_2,2.276666667,-0.284581675,11.48,28.14
G098,SS94a,G_2,2.078666667,-0.284581675,11.48,28.14
G099,SS94a,G_2,3.032,-0.284581675,11.48,28.14
G100,SS94a,G_2,4.632666667,-0.284581675,11.48,28.14
G101,SS94a,G_2,2.375333333,-0.284581675,11.48,28.14
G102,SS94a,G_2,1.075333333,-0.284581675,11.48,28.14
G103,SS94a,G_2,2.118666667,-0.284581675,11.48,28.14
G104,SS94a,G_2,2.15,-0.284581675,11.48,28.14
G105,SS94a,G_2,3.214,-0.284581675,11.48,28.14
G106,SS94a,G_2,4.881333333,-0.284581675,11.48,28.14
G107,SS94a,G_2,2.258,-0.284581675,11.48,28.14
G108,SS94a,G_2,3.495333333,-0.284581675,11.48,28.14
G109,SS94a,G_2,3.997333333,-0.284581675,11.48,28.14
G110,SS94a,G_2,3.927333333,-0.284581675,11.48,28.14
G111,SS94a,G_2,2.461333333,-0.284581675,11.48,28.14
G112,SS94a,G_2,2.022,-0.284581675,11.48,28.14
G113,SS94a,G_2,0.857333333,-0.284581675,11.48,28.14
G114,SS94a,G_2,3.465333333,-0.284581675,11.48,28.14
G115,SS94a,G_2,2.954666667,-0.284581675,11.48,28.14
G116,SS94a,G_2,3.706,-0.284581675,11.48,28.14
G117,SS94a,G_2,2.718,-0.284581675,11.48,28.14
G118,SS94a,G_2,1.384,-0.284581675,11.48,28.14
G119,SS94a,G_2,2.052666667,-0.284581675,11.48,28.14
G120,SS94a,G_2,2.791333333,-0.284581675,11.48,28.14
G121,SS94a,G_2,3.401333333,-0.284581675,11.48,28.14
G122,SS94a,G_2,3.469333333,-0.284581675,11.48,28.14
G123,SS94a,G_2,5.199333333,-0.284581675,11.48,28.14
G124,SS94a,G_2,2.72,-0.284581675,11.48,28.14
G125,SS94a,G_2,2.344,-0.284581675,11.48,28.14
G126,SS94a,G_2,1.604666667,-0.284581675,11.48,28.14
G127,SS94a,G_2,4.194666667,-0.284581675,11.48,28.14
G128,SS94a,G_2,2.165333333,-0.284581675,11.48,28.14
G129,SS94a,G_2,3.46,-0.284581675,11.48,28.14
G130,SS94a,G_2,3.76,-0.284581675,11.48,28.14
G131,SS94a,G_2,4.062,-0.284581675,11.48,28.14
G132,SS94a,G_2,3.062,-0.284581675,11.48,28.14
G133,SS94a,G_2,1.302666667,-0.284581675,11.48,28.14
G134,SS94a,G_2,2.508,-0.284581675,11.48,28.14
G135,SS94a,G_2,3.648,-0.284581675,11.48,28.14
G136,SS94a,G_2,2.892,-0.284581675,11.48,28.14
G137,SS94a,G_2,2.666666667,-0.284581675,11.48,28.14
G138,SS94a,G_2,2.415333333,-0.284581675,11.48,28.14
G139,SS94a,G_2,1.724666667,-0.284581675,11.48,28.14
G140,SS94a,G_2,1.957333333,-0.284581675,11.48,28.14
G141,SS94a,G_2,3.189333333,-0.284581675,11.48,28.14
G142,SS94a,G_2,2.979333333,-0.284581675,11.48,28.14
G143,SS94a,G_2,1.244,-0.284581675,11.48,28.14
G144,SS94a,G_2,3.773333333,-0.284581675,11.48,28.14
G145,SS94a,G_2,1.568,-0.284581675,11.48,28.14
G146,SS94a,G_2,3.471333333,-0.284581675,11.48,28.14
G147,SS94a,G_2,1.434666667,-0.284581675,11.48,28.14
G148,SS94a,G_2,1.258666667,-0.284581675,11.48,28.14
G149,SS94a,G_2,2.312666667,-0.284581675,11.48,28.14
G150,SS94a,G_2,1.196666667,-0.284581675,11.48,28.14
G151,SS94a,G_2,3.226666667,-0.284581675,11.48,28.14
G152,SS94a,G_2,3.978,-0.284581675,11.48,28.14
G153,SS94a,G_2,2.136666667,-0.284581675,11.48,28.14
G154,SS94a,G_2,3.766,-0.284581675,11.48,28.14
G155,SS94a,G_2,3.742666667,-0.284581675,11.48,28.14
G156,SS94a,G_2,3.380666667,-0.284581675,11.48,28.14
G157,SS94a,G_2,1.904,-0.284581675,11.48,28.14
G158,SS94a,G_2,3.615333333,-0.284581675,11.48,28.14
G159,SS94a,G_2,3.894666667,-0.284581675,11.48,28.14
G160,SS94a,G_2,4.446666667,-0.284581675,11.48,28.14
G161,SS94a,G_2,4.184666667,-0.284581675,11.48,28.14
G162,SS94a,G_2,3.808666667,-0.284581675,11.48,28.14
G163,SS94a,G_2,2.768,-0.284581675,11.48,28.14
G164,SS94a,G_2,2.884,-0.284581675,11.48,28.14
G165,SS94a,G_2,3.054,-0.284581675,11.48,28.14
G166,SS94a,G_2,3.735333333,-0.284581675,11.48,28.14
G167,SS94a,G_2,2.786,-0.284581675,11.48,28.14
G168,SS94a,G_2,4.218,-0.284581675,11.48,28.14
G169,SS94a,G_2,1.197333333,-0.284581675,11.48,28.14
G170,SS94a,G_2,2.58,-0.284581675,11.48,28.14
G171,SS94a,G_2,2.112666667,-0.284581675,11.48,28.14
G172,SS94a,G_2,3.818666667,-0.284581675,11.48,28.14
G173,SS94a,G_2,1.572666667,-0.284581675,11.48,28.14
G174,SS94a,G_2,1.003333333,-0.284581675,11.48,28.14
G175,SS94a,G_2,2.658,-0.284581675,11.48,28.14
G176,SS94a,G_2,3.618,-0.284581675,11.48,28.14
G177,SS94a,G_2,2.405333333,-0.284581675,11.48,28.14
G178,SS94a,G_2,2.158666667,-0.284581675,11.48,28.14
G179,SS94a,G_2,1.624,-0.284581675,11.48,28.14
G180,SS94a,G_2,1.481333333,-0.284581675,11.48,28.14
G181,SS94a,G_2,3.222,-0.284581675,11.48,28.14
G182,SS94a,G_2,4.101333333,-0.284581675,11.48,28.14
G183,SS94a,G_2,2.96,-0.284581675,11.48,28.14
G184,SS94a,G_2,3.213333333,-0.284581675,11.48,28.14
G185,SS94a,G_2,2.16,-0.284581675,11.48,28.14
G186,SS94a,G_2,3.952666667,-0.284581675,11.48,28.14
G187,SS94a,G_2,3.878,-0.284581675,11.48,28.14
G188,SS94a,G_2,2.062,-0.284581675,11.48,28.14
G189,SS94a,G_2,2.554666667,-0.284581675,11.48,28.14
G190,SS94a,G_2,2.702666667,-0.284581675,11.48,28.14
G191,SS94a,G_2,1.316,-0.284581675,11.48,28.14
G192,SS94a,G_2,4.26,-0.284581675,11.48,28.14
G193,SS94a,G_2,3.404666667,-0.284581675,11.48,28.14
G194,SS94a,G_2,3.082,-0.284581675,11.48,28.14
G195,SS94a,G_2,3.304666667,-0.284581675,11.48,28.14
G196,SS94a,G_2,2.393333333,-0.284581675,11.48,28.14
G197,SS94a,G_2,2.256,-0.284581675,11.48,28.14
G198,SS94a,G_2,1.750666667,-0.284581675,11.48,28.14
G199,SS94a,G_2,1.820666667,-0.284581675,11.48,28.14
G200,SS94a,G_2,4.598666667,-0.284581675,11.48,28.14
G201,SS94a,G_2,2.825333333,-0.284581675,11.48,28.14
G202,SS94a,G_2,2.874,-0.284581675,11.48,28.14
G203,SS94a,G_2,2.522666667,-0.284581675,11.48,28.14
G204,SS94a,G_2,3.061333333,-0.284581675,11.48,28.14
G205,SS94a,G_2,2.136,-0.284581675,11.48,28.14
G206,SS94a,G_2,4.796666667,-0.284581675,11.48,28.14
G207,SS94a,G_2,2.978,-0.284581675,11.48,28.14
G208,SS94a,G_2,4,-0.284581675,11.48,28.14
G209,SS94a,G_2,2.912,-0.284581675,11.48,28.14
G210,SS94a,G_2,2.764,-0.284581675,11.48,28.14
G211,SS94a,G_2,1.526,-0.284581675,11.48,28.14
G001,IS92a,G_2,4.48,1.226393997,10.7,18.93
G002,IS92a,G_2,4.877333333,1.226393997,10.7,18.93
G003,IS92a,G_2,4.532,1.226393997,10.7,18.93
G004,IS92a,G_2,3.692666667,1.226393997,10.7,18.93
G005,IS92a,G_2,5.028,1.226393997,10.7,18.93
G006,IS92a,G_2,3.959333333,1.226393997,10.7,18.93
G007,IS92a,G_2,4.517333333,1.226393997,10.7,18.93
G008,IS92a,G_2,2.558666667,1.226393997,10.7,18.93
G009,IS92a,G_2,3.096,1.226393997,10.7,18.93
G010,IS92a,G_2,4.072666667,1.226393997,10.7,18.93
G011,IS92a,G_2,3.592666667,1.226393997,10.7,18.93
G012,IS92a,G_2,4.174666667,1.226393997,10.7,18.93
G013,IS92a,G_2,4.702666667,1.226393997,10.7,18.93
G014,IS92a,G_2,3.342,1.226393997,10.7,18.93
G015,IS92a,G_2,4.093333333,1.226393997,10.7,18.93
G016,IS92a,G_2,3.702,1.226393997,10.7,18.93
G017,IS92a,G_2,2.52,1.226393997,10.7,18.93
G018,IS92a,G_2,3.364,1.226393997,10.7,18.93
G019,IS92a,G_2,6.116,1.226393997,10.7,18.93
G020,IS92a,G_2,4.441333333,1.226393997,10.7,18.93
G021,IS92a,G_2,2.893333333,1.226393997,10.7,18.93
G022,IS92a,G_2,3.906666667,1.226393997,10.7,18.93
G023,IS92a,G_2,4.240666667,1.226393997,10.7,18.93
G024,IS92a,G_2,3.930666667,1.226393997,10.7,18.93
G025,IS92a,G_2,5.627333333,1.226393997,10.7,18.93
G026,IS92a,G_2,4.499333333,1.226393997,10.7,18.93
G027,IS92a,G_2,3.913333333,1.226393997,10.7,18.93
G028,IS92a,G_2,6.72,1.226393997,10.7,18.93
G029,IS92a,G_2,2.868666667,1.226393997,10.7,18.93
G030,IS92a,G_2,3.771333333,1.226393997,10.7,18.93
G031,IS92a,G_2,3.926666667,1.226393997,10.7,18.93
G032,IS92a,G_2,4.966666667,1.226393997,10.7,18.93
G033,IS92a,G_2,3.910666667,1.226393997,10.7,18.93
G034,IS92a,G_2,5.103333333,1.226393997,10.7,18.93
G035,IS92a,G_2,3.184666667,1.226393997,10.7,18.93
G036,IS92a,G_2,4.294666667,1.226393997,10.7,18.93
G037,IS92a,G_2,4.493333333,1.226393997,10.7,18.93
G038,IS92a,G_2,3.008666667,1.226393997,10.7,18.93
G039,IS92a,G_2,4.556,1.226393997,10.7,18.93
G040,IS92a,G_2,3.976666667,1.226393997,10.7,18.93
G041,IS92a,G_2,2.678,1.226393997,10.7,18.93
G042,IS92a,G_2,6.786666667,1.226393997,10.7,18.93
G043,IS92a,G_2,5.005333333,1.226393997,10.7,18.93
G044,IS92a,G_2,4.290666667,1.226393997,10.7,18.93
G045,IS92a,G_2,6.074,1.226393997,10.7,18.93
G046,IS92a,G_2,3.332666667,1.226393997,10.7,18.93
G047,IS92a,G_2,3.2,1.226393997,10.7,18.93
G048,IS92a,G_2,4.63,1.226393997,10.7,18.93
G049,IS92a,G_2,4.296666667,1.226393997,10.7,18.93
G050,IS92a,G_2,5.798666667,1.226393997,10.7,18.93
G051,IS92a,G_2,5.247333333,1.226393997,10.7,18.93
G052,IS92a,G_2,4.899333333,1.226393997,10.7,18.93
G053,IS92a,G_2,4.006,1.226393997,10.7,18.93
G054,IS92a,G_2,3.214666667,1.226393997,10.7,18.93
G055,IS92a,G_2,4.862,1.226393997,10.7,18.93
G056,IS92a,G_2,4.887333333,1.226393997,10.7,18.93
G057,IS92a,G_2,4.372666667,1.226393997,10.7,18.93
G058,IS92a,G_2,3.380666667,1.226393997,10.7,18.93
G059,IS92a,G_2,4.226666667,1.226393997,10.7,18.93
G060,IS92a,G_2,4.017333333,1.226393997,10.7,18.93
G061,IS92a,G_2,4.916666667,1.226393997,10.7,18.93
G062,IS92a,G_2,6.130666667,1.226393997,10.7,18.93
G063,IS92a,G_2,3.786,1.226393997,10.7,18.93
G064,IS92a,G_2,4.860666667,1.226393997,10.7,18.93
G065,IS92a,G_2,4.819333333,1.226393997,10.7,18.93
G066,IS92a,G_2,4.348666667,1.226393997,10.7,18.93
G067,IS92a,G_2,5.93,1.226393997,10.7,18.93
G068,IS92a,G_2,3.981333333,1.226393997,10.7,18.93
G069,IS92a,G_2,5.456666667,1.226393997,10.7,18.93
G070,IS92a,G_2,4.242,1.226393997,10.7,18.93
G071,IS92a,G_2,3.816666667,1.226393997,10.7,18.93
G072,IS92a,G_2,4.487333333,1.226393997,10.7,18.93
G073,IS92a,G_2,2.926,1.226393997,10.7,18.93
G074,IS92a,G_2,4.296,1.226393997,10.7,18.93
G075,IS92a,G_2,4.537333333,1.226393997,10.7,18.93
G076,IS92a,G_2,2.897333333,1.226393997,10.7,18.93
G077,IS92a,G_2,5.137333333,1.226393997,10.7,18.93
G078,IS92a,G_2,4.216666667,1.226393997,10.7,18.93
G079,IS92a,G_2,4.244,1.226393997,10.7,18.93
G080,IS92a,G_2,4.206,1.226393997,10.7,18.93
G081,IS92a,G_2,4.033333333,1.226393997,10.7,18.93
G082,IS92a,G_2,5.385333333,1.226393997,10.7,18.93
G083,IS92a,G_2,3.595333333,1.226393997,10.7,18.93
G084,IS92a,G_2,5.405333333,1.226393997,10.7,18.93
G085,IS92a,G_2,5.954,1.226393997,10.7,18.93
G086,IS92a,G_2,3.982666667,1.226393997,10.7,18.93
G087,IS92a,G_2,3.319333333,1.226393997,10.7,18.93
G088,IS92a,G_2,4.378,1.226393997,10.7,18.93
G089,IS92a,G_2,3.799333333,1.226393997,10.7,18.93
G090,IS92a,G_2,3.001333333,1.226393997,10.7,18.93
G091,IS92a,G_2,5.136,1.226393997,10.7,18.93
G092,IS92a,G_2,3.812,1.226393997,10.7,18.93
G093,IS92a,G_2,3.732666667,1.226393997,10.7,18.93
G094,IS92a,G_2,4.727333333,1.226393997,10.7,18.93
G095,IS92a,G_2,3.006666667,1.226393997,10.7,18.93
G096,IS92a,G_2,3.02,1.226393997,10.7,18.93
G097,IS92a,G_2,4.236,1.226393997,10.7,18.93
G098,IS92a,G_2,4.295333333,1.226393997,10.7,18.93
G099,IS92a,G_2,3.550666667,1.226393997,10.7,18.93
G100,IS92a,G_2,4.343333333,1.226393997,10.7,18.93
G101,IS92a,G_2,4.341333333,1.226393997,10.7,18.93
G102,IS92a,G_2,4.938666667,1.226393997,10.7,18.93
G103,IS92a,G_2,4.606666667,1.226393997,10.7,18.93
G104,IS92a,G_2,3.503333333,1.226393997,10.7,18.93
G105,IS92a,G_2,4.918666667,1.226393997,10.7,18.93
G106,IS92a,G_2,6.134666667,1.226393997,10.7,18.93
G107,IS92a,G_2,4.653333333,1.226393997,10.7,18.93
G108,IS92a,G_2,4.431333333,1.226393997,10.7,18.93
G109,IS92a,G_2,5.718666667,1.226393997,10.7,18.93
G110,IS92a,G_2,5.344666667,1.226393997,10.7,18.93
G111,IS92a,G_2,2.695333333,1.226393997,10.7,18.93
G112,IS92a,G_2,2.826,1.226393997,10.7,18.93
G113,IS92a,G_2,3.009333333,1.226393997,10.7,18.93
G114,IS92a,G_2,4.35,1.226393997,10.7,18.93
G115,IS92a,G_2,5.179333333,1.226393997,10.7,18.93
G116,IS92a,G_2,5.438666667,1.226393997,10.7,18.93
G117,IS92a,G_2,5.358,1.226393997,10.7,18.93
G118,IS92a,G_2,2.166,1.226393997,10.7,18.93
G119,IS92a,G_2,2.510666667,1.226393997,10.7,18.93
G120,IS92a,G_2,4.068,1.226393997,10.7,18.93
G121,IS92a,G_2,4.881333333,1.226393997,10.7,18.93
G122,IS92a,G_2,5.053333333,1.226393997,10.7,18.93
G123,IS92a,G_2,6.127333333,1.226393997,10.7,18.93
G124,IS92a,G_2,2.748666667,1.226393997,10.7,18.93
G125,IS92a,G_2,3.452666667,1.226393997,10.7,18.93
G126,IS92a,G_2,2.180666667,1.226393997,10.7,18.93
G127,IS92a,G_2,4.689333333,1.226393997,10.7,18.93
G128,IS92a,G_2,3.833333333,1.226393997,10.7,18.93
G129,IS92a,G_2,4.774,1.226393997,10.7,18.93
G130,IS92a,G_2,5.314666667,1.226393997,10.7,18.93
G131,IS92a,G_2,4.154,1.226393997,10.7,18.93
G132,IS92a,G_2,4.148,1.226393997,10.7,18.93
G133,IS92a,G_2,2.259333333,1.226393997,10.7,18.93
G134,IS92a,G_2,3.392666667,1.226393997,10.7,18.93
G135,IS92a,G_2,5.520666667,1.226393997,10.7,18.93
G136,IS92a,G_2,3.028,1.226393997,10.7,18.93
G137,IS92a,G_2,4.010666667,1.226393997,10.7,18.93
G138,IS92a,G_2,3.896666667,1.226393997,10.7,18.93
G139,IS92a,G_2,3.672666667,1.226393997,10.7,18.93
G140,IS92a,G_2,2.741333333,1.226393997,10.7,18.93
G141,IS92a,G_2,3.096666667,1.226393997,10.7,18.93
G142,IS92a,G_2,5.237333333,1.226393997,10.7,18.93
G143,IS92a,G_2,2.714666667,1.226393997,10.7,18.93
G144,IS92a,G_2,5.336,1.226393997,10.7,18.93
G145,IS92a,G_2,4.629333333,1.226393997,10.7,18.93
G146,IS92a,G_2,5.442,1.226393997,10.7,18.93
G147,IS92a,G_2,3.856666667,1.226393997,10.7,18.93
G148,IS92a,G_2,3.782,1.226393997,10.7,18.93
G149,IS92a,G_2,3.235333333,1.226393997,10.7,18.93
G150,IS92a,G_2,4.290666667,1.226393997,10.7,18.93
G151,IS92a,G_2,5.245333333,1.226393997,10.7,18.93
G152,IS92a,G_2,3.854,1.226393997,10.7,18.93
G153,IS92a,G_2,4.272666667,1.226393997,10.7,18.93
G154,IS92a,G_2,5.796,1.226393997,10.7,18.93
G155,IS92a,G_2,3.713333333,1.226393997,10.7,18.93
G156,IS92a,G_2,4.565333333,1.226393997,10.7,18.93
G157,IS92a,G_2,4.125333333,1.226393997,10.7,18.93
G158,IS92a,G_2,4.061333333,1.226393997,10.7,18.93
G159,IS92a,G_2,4.488666667,1.226393997,10.7,18.93
G160,IS92a,G_2,5.16,1.226393997,10.7,18.93
G161,IS92a,G_2,5.769333333,1.226393997,10.7,18.93
G162,IS92a,G_2,4.068666667,1.226393997,10.7,18.93
G163,IS92a,G_2,4.220666667,1.226393997,10.7,18.93
G164,IS92a,G_2,5.051333333,1.226393997,10.7,18.93
G165,IS92a,G_2,3.866,1.226393997,10.7,18.93
G166,IS92a,G_2,5.003333333,1.226393997,10.7,18.93
G167,IS92a,G_2,3.437333333,1.226393997,10.7,18.93
G168,IS92a,G_2,4.629333333,1.226393997,10.7,18.93
G169,IS92a,G_2,5.606,1.226393997,10.7,18.93
G170,IS92a,G_2,4.558,1.226393997,10.7,18.93
G171,IS92a,G_2,3.547333333,1.226393997,10.7,18.93
G172,IS92a,G_2,6.551333333,1.226393997,10.7,18.93
G173,IS92a,G_2,3.750666667,1.226393997,10.7,18.93
G174,IS92a,G_2,2.976,1.226393997,10.7,18.93
G175,IS92a,G_2,3.369333333,1.226393997,10.7,18.93
G176,IS92a,G_2,3.892666667,1.226393997,10.7,18.93
G177,IS92a,G_2,5.436,1.226393997,10.7,18.93
G178,IS92a,G_2,4.687333333,1.226393997,10.7,18.93
G179,IS92a,G_2,3.768,1.226393997,10.7,18.93
G180,IS92a,G_2,3.554,1.226393997,10.7,18.93
G181,IS92a,G_2,3.180666667,1.226393997,10.7,18.93
G182,IS92a,G_2,3.354,1.226393997,10.7,18.93
G183,IS92a,G_2,2.435333333,1.226393997,10.7,18.93
G184,IS92a,G_2,4.632666667,1.226393997,10.7,18.93
G185,IS92a,G_2,3.940666667,1.226393997,10.7,18.93
G186,IS92a,G_2,6.636,1.226393997,10.7,18.93
G187,IS92a,G_2,5.614666667,1.226393997,10.7,18.93
G188,IS92a,G_2,4.056,1.226393997,10.7,18.93
G189,IS92a,G_2,4.249333333,1.226393997,10.7,18.93
G190,IS92a,G_2,4.636,1.226393997,10.7,18.93
G191,IS92a,G_2,2.996,1.226393997,10.7,18.93
G192,IS92a,G_2,6.628666667,1.226393997,10.7,18.93
G193,IS92a,G_2,4.172666667,1.226393997,10.7,18.93
G194,IS92a,G_2,5.774,1.226393997,10.7,18.93
G195,IS92a,G_2,5.279333333,1.226393997,10.7,18.93
G196,IS92a,G_2,4.224666667,1.226393997,10.7,18.93
G197,IS92a,G_2,4.773333333,1.226393997,10.7,18.93
G198,IS92a,G_2,5.526666667,1.226393997,10.7,18.93
G199,IS92a,G_2,3.182666667,1.226393997,10.7,18.93
G200,IS92a,G_2,6.065333333,1.226393997,10.7,18.93
G201,IS92a,G_2,3.949333333,1.226393997,10.7,18.93
G202,IS92a,G_2,4.34,1.226393997,10.7,18.93
G203,IS92a,G_2,2.929333333,1.226393997,10.7,18.93
G204,IS92a,G_2,3.504,1.226393997,10.7,18.93
G205,IS92a,G_2,2.987333333,1.226393997,10.7,18.93
G206,IS92a,G_2,4.200666667,1.226393997,10.7,18.93
G207,IS92a,G_2,3.730666667,1.226393997,10.7,18.93
G208,IS92a,G_2,3.402,1.226393997,10.7,18.93
G209,IS92a,G_2,5.063333333,1.226393997,10.7,18.93
G210,IS92a,G_2,5.278,1.226393997,10.7,18.93
G211,IS92a,G_2,3.19,1.226393997,10.7,18.93
G001,IS94a,G_2,2.248666667,-0.24111722,11.38,28.73
G002,IS94a,G_2,4.020666667,-0.24111722,11.38,28.73
G003,IS94a,G_2,2.280666667,-0.24111722,11.38,28.73
G004,IS94a,G_2,1.387333333,-0.24111722,11.38,28.73
G005,IS94a,G_2,3.019333333,-0.24111722,11.38,28.73
G006,IS94a,G_2,2.146666667,-0.24111722,11.38,28.73
G007,IS94a,G_2,2.237333333,-0.24111722,11.38,28.73
G008,IS94a,G_2,0.959333333,-0.24111722,11.38,28.73
G009,IS94a,G_2,1.758,-0.24111722,11.38,28.73
G010,IS94a,G_2,3.376,-0.24111722,11.38,28.73
G011,IS94a,G_2,2.406666667,-0.24111722,11.38,28.73
G012,IS94a,G_2,1.900666667,-0.24111722,11.38,28.73
G013,IS94a,G_2,3.956666667,-0.24111722,11.38,28.73
G014,IS94a,G_2,4.412,-0.24111722,11.38,28.73
G015,IS94a,G_2,1.526,-0.24111722,11.38,28.73
G016,IS94a,G_2,1.868666667,-0.24111722,11.38,28.73
G017,IS94a,G_2,1.975333333,-0.24111722,11.38,28.73
G018,IS94a,G_2,1.674,-0.24111722,11.38,28.73
G019,IS94a,G_2,4.852,-0.24111722,11.38,28.73
G020,IS94a,G_2,2.21,-0.24111722,11.38,28.73
G021,IS94a,G_2,1.470666667,-0.24111722,11.38,28.73
G022,IS94a,G_2,2.305333333,-0.24111722,11.38,28.73
G023,IS94a,G_2,2.159333333,-0.24111722,11.38,28.73
G024,IS94a,G_2,2.276,-0.24111722,11.38,28.73
G025,IS94a,G_2,2.149333333,-0.24111722,11.38,28.73
G026,IS94a,G_2,2.54,-0.24111722,11.38,28.73
G027,IS94a,G_2,2.912666667,-0.24111722,11.38,28.73
G028,IS94a,G_2,5.118666667,-0.24111722,11.38,28.73
G029,IS94a,G_2,1.897333333,-0.24111722,11.38,28.73
G030,IS94a,G_2,2.916,-0.24111722,11.38,28.73
G031,IS94a,G_2,2.848666667,-0.24111722,11.38,28.73
G032,IS94a,G_2,3.921333333,-0.24111722,11.38,28.73
G033,IS94a,G_2,1.602666667,-0.24111722,11.38,28.73
G034,IS94a,G_2,4.512666667,-0.24111722,11.38,28.73
G035,IS94a,G_2,2.692666667,-0.24111722,11.38,28.73
G036,IS94a,G_2,2.238,-0.24111722,11.38,28.73
G037,IS94a,G_2,3.171333333,-0.24111722,11.38,28.73
G038,IS94a,G_2,2.026,-0.24111722,11.38,28.73
G039,IS94a,G_2,5.658,-0.24111722,11.38,28.73
G040,IS94a,G_2,2.829333333,-0.24111722,11.38,28.73
G041,IS94a,G_2,1.863333333,-0.24111722,11.38,28.73
G042,IS94a,G_2,3.527333333,-0.24111722,11.38,28.73
G043,IS94a,G_2,2.742666667,-0.24111722,11.38,28.73
G044,IS94a,G_2,1.993333333,-0.24111722,11.38,28.73
G045,IS94a,G_2,5.322,-0.24111722,11.38,28.73
G046,IS94a,G_2,1.668666667,-0.24111722,11.38,28.73
G047,IS94a,G_2,2.279333333,-0.24111722,11.38,28.73
G048,IS94a,G_2,2.19,-0.24111722,11.38,28.73
G049,IS94a,G_2,2.883333333,-0.24111722,11.38,28.73
G050,IS94a,G_2,3.264,-0.24111722,11.38,28.73
G051,IS94a,G_2,2.936666667,-0.24111722,11.38,28.73
G052,IS94a,G_2,3.008,-0.24111722,11.38,28.73
G053,IS94a,G_2,2.038,-0.24111722,11.38,28.73
G054,IS94a,G_2,2.854666667,-0.24111722,11.38,28.73
G055,IS94a,G_2,4.287333333,-0.24111722,11.38,28.73
G056,IS94a,G_2,4.513333333,-0.24111722,11.38,28.73
G057,IS94a,G_2,3.404666667,-0.24111722,11.38,28.73
G058,IS94a,G_2,2.117333333,-0.24111722,11.38,28.73
G059,IS94a,G_2,2.095333333,-0.24111722,11.38,28.73
G060,IS94a,G_2,3.377333333,-0.24111722,11.38,28.73
G061,IS94a,G_2,3.074,-0.24111722,11.38,28.73
G062,IS94a,G_2,4.106,-0.24111722,11.38,28.73
G063,IS94a,G_2,2.857333333,-0.24111722,11.38,28.73
G064,IS94a,G_2,1.844,-0.24111722,11.38,28.73
G065,IS94a,G_2,3.566,-0.24111722,11.38,28.73
G066,IS94a,G_2,3.440666667,-0.24111722,11.38,28.73
G067,IS94a,G_2,5.647333333,-0.24111722,11.38,28.73
G068,IS94a,G_2,4.626,-0.24111722,11.38,28.73
G069,IS94a,G_2,4.544666667,-0.24111722,11.38,28.73
G070,IS94a,G_2,1.682666667,-0.24111722,11.38,28.73
G071,IS94a,G_2,1.398,-0.24111722,11.38,28.73
G072,IS94a,G_2,2.794666667,-0.24111722,11.38,28.73
G073,IS94a,G_2,0.2778,-0.24111722,11.38,28.73
G074,IS94a,G_2,1.791333333,-0.24111722,11.38,28.73
G075,IS94a,G_2,2.162666667,-0.24111722,11.38,28.73
G076,IS94a,G_2,1.800666667,-0.24111722,11.38,28.73
G077,IS94a,G_2,3.711333333,-0.24111722,11.38,28.73
G078,IS94a,G_2,3.573333333,-0.24111722,11.38,28.73
G079,IS94a,G_2,2.986666667,-0.24111722,11.38,28.73
G080,IS94a,G_2,2.432666667,-0.24111722,11.38,28.73
G081,IS94a,G_2,2.837333333,-0.24111722,11.38,28.73
G082,IS94a,G_2,4.067333333,-0.24111722,11.38,28.73
G083,IS94a,G_2,4.058,-0.24111722,11.38,28.73
G084,IS94a,G_2,3.23,-0.24111722,11.38,28.73
G085,IS94a,G_2,2.889333333,-0.24111722,11.38,28.73
G086,IS94a,G_2,3.399333333,-0.24111722,11.38,28.73
G087,IS94a,G_2,3.655333333,-0.24111722,11.38,28.73
G088,IS94a,G_2,3.474666667,-0.24111722,11.38,28.73
G089,IS94a,G_2,2.751333333,-0.24111722,11.38,28.73
G090,IS94a,G_2,1.17,-0.24111722,11.38,28.73
G091,IS94a,G_2,2.841333333,-0.24111722,11.38,28.73
G092,IS94a,G_2,1.649333333,-0.24111722,11.38,28.73
G093,IS94a,G_2,2.738666667,-0.24111722,11.38,28.73
G094,IS94a,G_2,3.542,-0.24111722,11.38,28.73
G095,IS94a,G_2,1.698666667,-0.24111722,11.38,28.73
G096,IS94a,G_2,2.044,-0.24111722,11.38,28.73
G097,IS94a,G_2,2.967333333,-0.24111722,11.38,28.73
G098,IS94a,G_2,1.676,-0.24111722,11.38,28.73
G099,IS94a,G_2,3.063333333,-0.24111722,11.38,28.73
G100,IS94a,G_2,2.350666667,-0.24111722,11.38,28.73
G101,IS94a,G_2,3.350666667,-0.24111722,11.38,28.73
G102,IS94a,G_2,2.129333333,-0.24111722,11.38,28.73
G103,IS94a,G_2,2.58,-0.24111722,11.38,28.73
G104,IS94a,G_2,1.873333333,-0.24111722,11.38,28.73
G105,IS94a,G_2,2.864666667,-0.24111722,11.38,28.73
G106,IS94a,G_2,4.294666667,-0.24111722,11.38,28.73
G107,IS94a,G_2,1.615333333,-0.24111722,11.38,28.73
G108,IS94a,G_2,2.276666667,-0.24111722,11.38,28.73
G109,IS94a,G_2,3.643333333,-0.24111722,11.38,28.73
G110,IS94a,G_2,3.478666667,-0.24111722,11.38,28.73
G111,IS94a,G_2,1.196,-0.24111722,11.38,28.73
G112,IS94a,G_2,1.710666667,-0.24111722,11.38,28.73
G113,IS94a,G_2,1.385333333,-0.24111722,11.38,28.73
G114,IS94a,G_2,3.629333333,-0.24111722,11.38,28.73
G115,IS94a,G_2,2.032666667,-0.24111722,11.38,28.73
G116,IS94a,G_2,3.052,-0.24111722,11.38,28.73
G117,IS94a,G_2,2.736666667,-0.24111722,11.38,28.73
G118,IS94a,G_2,0.813333333,-0.24111722,11.38,28.73
G119,IS94a,G_2,3.042,-0.24111722,11.38,28.73
G120,IS94a,G_2,2.633333333,-0.24111722,11.38,28.73
G121,IS94a,G_2,3.226,-0.24111722,11.38,28.73
G122,IS94a,G_2,3.100666667,-0.24111722,11.38,28.73
G123,IS94a,G_2,5.132666667,-0.24111722,11.38,28.73
G124,IS94a,G_2,2.680666667,-0.24111722,11.38,28.73
G125,IS94a,G_2,3.236666667,-0.24111722,11.38,28.73
G126,IS94a,G_2,2.721333333,-0.24111722,11.38,28.73
G127,IS94a,G_2,2.286666667,-0.24111722,11.38,28.73
G128,IS94a,G_2,3.679333333,-0.24111722,11.38,28.73
G129,IS94a,G_2,3.69,-0.24111722,11.38,28.73
G130,IS94a,G_2,4.51,-0.24111722,11.38,28.73
G131,IS94a,G_2,2.784,-0.24111722,11.38,28.73
G132,IS94a,G_2,2.836,-0.24111722,11.38,28.73
G133,IS94a,G_2,2.07,-0.24111722,11.38,28.73
G134,IS94a,G_2,1.347333333,-0.24111722,11.38,28.73
G135,IS94a,G_2,3.334,-0.24111722,11.38,28.73
G136,IS94a,G_2,2.609333333,-0.24111722,11.38,28.73
G137,IS94a,G_2,1.965333333,-0.24111722,11.38,28.73
G138,IS94a,G_2,2.258,-0.24111722,11.38,28.73
G139,IS94a,G_2,2.016,-0.24111722,11.38,28.73
G140,IS94a,G_2,0.674,-0.24111722,11.38,28.73
G141,IS94a,G_2,2.428666667,-0.24111722,11.38,28.73
G142,IS94a,G_2,3.113333333,-0.24111722,11.38,28.73
G143,IS94a,G_2,1.068,-0.24111722,11.38,28.73
G144,IS94a,G_2,4.455333333,-0.24111722,11.38,28.73
G145,IS94a,G_2,2.579333333,-0.24111722,11.38,28.73
G146,IS94a,G_2,2.413333333,-0.24111722,11.38,28.73
G147,IS94a,G_2,1.7,-0.24111722,11.38,28.73
G148,IS94a,G_2,3.112666667,-0.24111722,11.38,28.73
G149,IS94a,G_2,2.124,-0.24111722,11.38,28.73
G150,IS94a,G_2,2.827333333,-0.24111722,11.38,28.73
G151,IS94a,G_2,3.093333333,-0.24111722,11.38,28.73
G152,IS94a,G_2,3.668,-0.24111722,11.38,28.73
G153,IS94a,G_2,1.713333333,-0.24111722,11.38,28.73
G154,IS94a,G_2,2.192666667,-0.24111722,11.38,28.73
G155,IS94a,G_2,2.176666667,-0.24111722,11.38,28.73
G156,IS94a,G_2,3.016666667,-0.24111722,11.38,28.73
G157,IS94a,G_2,2.537333333,-0.24111722,11.38,28.73
G158,IS94a,G_2,2.073333333,-0.24111722,11.38,28.73
G159,IS94a,G_2,3.823333333,-0.24111722,11.38,28.73
G160,IS94a,G_2,3.278666667,-0.24111722,11.38,28.73
G161,IS94a,G_2,2.611333333,-0.24111722,11.38,28.73
G162,IS94a,G_2,3.779333333,-0.24111722,11.38,28.73
G163,IS94a,G_2,2.234666667,-0.24111722,11.38,28.73
G164,IS94a,G_2,3.406666667,-0.24111722,11.38,28.73
G165,IS94a,G_2,2.258,-0.24111722,11.38,28.73
G166,IS94a,G_2,2.461333333,-0.24111722,11.38,28.73
G167,IS94a,G_2,3.564666667,-0.24111722,11.38,28.73
G168,IS94a,G_2,4.826666667,-0.24111722,11.38,28.73
G169,IS94a,G_2,2.073333333,-0.24111722,11.38,28.73
G170,IS94a,G_2,2.718,-0.24111722,11.38,28.73
G171,IS94a,G_2,2.021333333,-0.24111722,11.38,28.73
G172,IS94a,G_2,3.224,-0.24111722,11.38,28.73
G173,IS94a,G_2,1.901333333,-0.24111722,11.38,28.73
G174,IS94a,G_2,2.252,-0.24111722,11.38,28.73
G175,IS94a,G_2,2.08,-0.24111722,11.38,28.73
G176,IS94a,G_2,3.510666667,-0.24111722,11.38,28.73
G177,IS94a,G_2,3.662666667,-0.24111722,11.38,28.73
G178,IS94a,G_2,2.521333333,-0.24111722,11.38,28.73
G179,IS94a,G_2,2.282,-0.24111722,11.38,28.73
G180,IS94a,G_2,1.2,-0.24111722,11.38,28.73
G181,IS94a,G_2,2.266666667,-0.24111722,11.38,28.73
G182,IS94a,G_2,2.452666667,-0.24111722,11.38,28.73
G183,IS94a,G_2,2.89,-0.24111722,11.38,28.73
G184,IS94a,G_2,2.157333333,-0.24111722,11.38,28.73
G185,IS94a,G_2,2.16,-0.24111722,11.38,28.73
G186,IS94a,G_2,4.963333333,-0.24111722,11.38,28.73
G187,IS94a,G_2,3.902,-0.24111722,11.38,28.73
G188,IS94a,G_2,2.501333333,-0.24111722,11.38,28.73
G189,IS94a,G_2,3.997333333,-0.24111722,11.38,28.73
G190,IS94a,G_2,2.796,-0.24111722,11.38,28.73
G191,IS94a,G_2,1.581333333,-0.24111722,11.38,28.73
G192,IS94a,G_2,4.579333333,-0.24111722,11.38,28.73
G193,IS94a,G_2,3.088,-0.24111722,11.38,28.73
G194,IS94a,G_2,3.684,-0.24111722,11.38,28.73
G195,IS94a,G_2,4.788666667,-0.24111722,11.38,28.73
G196,IS94a,G_2,3.001333333,-0.24111722,11.38,28.73
G197,IS94a,G_2,2.248666667,-0.24111722,11.38,28.73
G198,IS94a,G_2,3.829333333,-0.24111722,11.38,28.73
G199,IS94a,G_2,3.516,-0.24111722,11.38,28.73
G200,IS94a,G_2,4.096,-0.24111722,11.38,28.73
G201,IS94a,G_2,4.097333333,-0.24111722,11.38,28.73
G202,IS94a,G_2,2.671333333,-0.24111722,11.38,28.73
G203,IS94a,G_2,2.326,-0.24111722,11.38,28.73
G204,IS94a,G_2,2.752,-0.24111722,11.38,28.73
G205,IS94a,G_2,2.209333333,-0.24111722,11.38,28.73
G206,IS94a,G_2,3.377333333,-0.24111722,11.38,28.73
G207,IS94a,G_2,3.335333333,-0.24111722,11.38,28.73
G208,IS94a,G_2,2.832,-0.24111722,11.38,28.73
G209,IS94a,G_2,4.136666667,-0.24111722,11.38,28.73
G210,IS94a,G_2,2.786666667,-0.24111722,11.38,28.73
G211,IS94a,G_2,1.064,-0.24111722,11.38,28.73
G001,HN96b,G_2,4.38,0.193329226,22.55,22.79
G002,HN96b,G_2,2.713333333,0.193329226,22.55,22.79
G003,HN96b,G_2,3.826666667,0.193329226,22.55,22.79
G004,HN96b,G_2,2.286666667,0.193329226,22.55,22.79
G005,HN96b,G_2,3.306666667,0.193329226,22.55,22.79
G006,HN96b,G_2,2.24,0.193329226,22.55,22.79
G007,HN96b,G_2,3.853333333,0.193329226,22.55,22.79
G008,HN96b,G_2,3.54,0.193329226,22.55,22.79
G009,HN96b,G_2,4.006666667,0.193329226,22.55,22.79
G010,HN96b,G_2,4.46,0.193329226,22.55,22.79
G011,HN96b,G_2,2.353333333,0.193329226,22.55,22.79
G012,HN96b,G_2,1.693333333,0.193329226,22.55,22.79
G013,HN96b,G_2,4.026666667,0.193329226,22.55,22.79
G014,HN96b,G_2,4.72,0.193329226,22.55,22.79
G015,HN96b,G_2,2.306666667,0.193329226,22.55,22.79
G016,HN96b,G_2,2.68,0.193329226,22.55,22.79
G017,HN96b,G_2,2.466666667,0.193329226,22.55,22.79
G018,HN96b,G_2,4.626666667,0.193329226,22.55,22.79
G019,HN96b,G_2,5.62,0.193329226,22.55,22.79
G020,HN96b,G_2,3.46,0.193329226,22.55,22.79
G021,HN96b,G_2,2.686666667,0.193329226,22.55,22.79
G022,HN96b,G_2,2.606666667,0.193329226,22.55,22.79
G023,HN96b,G_2,3.286666667,0.193329226,22.55,22.79
G024,HN96b,G_2,1.906666667,0.193329226,22.55,22.79
G025,HN96b,G_2,4.226666667,0.193329226,22.55,22.79
G026,HN96b,G_2,3.186666667,0.193329226,22.55,22.79
G027,HN96b,G_2,2.653333333,0.193329226,22.55,22.79
G028,HN96b,G_2,3.94,0.193329226,22.55,22.79
G029,HN96b,G_2,2.5,0.193329226,22.55,22.79
G030,HN96b,G_2,4.446666667,0.193329226,22.55,22.79
G031,HN96b,G_2,3.173333333,0.193329226,22.55,22.79
G032,HN96b,G_2,1.74,0.193329226,22.55,22.79
G033,HN96b,G_2,3.926666667,0.193329226,22.55,22.79
G034,HN96b,G_2,3.786666667,0.193329226,22.55,22.79
G035,HN96b,G_2,2.726666667,0.193329226,22.55,22.79
G036,HN96b,G_2,2.826666667,0.193329226,22.55,22.79
G037,HN96b,G_2,3.453333333,0.193329226,22.55,22.79
G038,HN96b,G_2,2.02,0.193329226,22.55,22.79
G039,HN96b,G_2,3.46,0.193329226,22.55,22.79
G040,HN96b,G_2,2.42,0.193329226,22.55,22.79
G041,HN96b,G_2,4.366666667,0.193329226,22.55,22.79
G042,HN96b,G_2,4.606666667,0.193329226,22.55,22.79
G043,HN96b,G_2,2.04,0.193329226,22.55,22.79
G044,HN96b,G_2,2.04,0.193329226,22.55,22.79
G045,HN96b,G_2,4.446666667,0.193329226,22.55,22.79
G046,HN96b,G_2,2.72,0.193329226,22.55,22.79
G047,HN96b,G_2,3.88,0.193329226,22.55,22.79
G048,HN96b,G_2,4.16,0.193329226,22.55,22.79
G049,HN96b,G_2,2.32,0.193329226,22.55,22.79
G050,HN96b,G_2,4.7,0.193329226,22.55,22.79
G051,HN96b,G_2,4.373333333,0.193329226,22.55,22.79
G052,HN96b,G_2,2.573333333,0.193329226,22.55,22.79
G053,HN96b,G_2,3.046666667,0.193329226,22.55,22.79
G054,HN96b,G_2,3.266666667,0.193329226,22.55,22.79
G055,HN96b,G_2,4.013333333,0.193329226,22.55,22.79
G056,HN96b,G_2,4.5,0.193329226,22.55,22.79
G057,HN96b,G_2,3.54,0.193329226,22.55,22.79
G058,HN96b,G_2,2.686666667,0.193329226,22.55,22.79
G059,HN96b,G_2,1.333333333,0.193329226,22.55,22.79
G060,HN96b,G_2,3.46,0.193329226,22.55,22.79
G061,HN96b,G_2,5.266666667,0.193329226,22.55,22.79
G062,HN96b,G_2,4.266666667,0.193329226,22.55,22.79
G063,HN96b,G_2,3.12,0.193329226,22.55,22.79
G064,HN96b,G_2,1.126666667,0.193329226,22.55,22.79
G065,HN96b,G_2,4.126666667,0.193329226,22.55,22.79
G066,HN96b,G_2,3.8,0.193329226,22.55,22.79
G067,HN96b,G_2,3.186666667,0.193329226,22.55,22.79
G068,HN96b,G_2,4.593333333,0.193329226,22.55,22.79
G069,HN96b,G_2,4.366666667,0.193329226,22.55,22.79
G070,HN96b,G_2,3.653333333,0.193329226,22.55,22.79
G071,HN96b,G_2,1.6,0.193329226,22.55,22.79
G072,HN96b,G_2,4.04,0.193329226,22.55,22.79
G073,HN96b,G_2,1.073333333,0.193329226,22.55,22.79
G074,HN96b,G_2,1.693333333,0.193329226,22.55,22.79
G075,HN96b,G_2,4.006666667,0.193329226,22.55,22.79
G076,HN96b,G_2,0.673333333,0.193329226,22.55,22.79
G077,HN96b,G_2,4.293333333,0.193329226,22.55,22.79
G078,HN96b,G_2,2.546666667,0.193329226,22.55,22.79
G079,HN96b,G_2,2.713333333,0.193329226,22.55,22.79
G080,HN96b,G_2,1.58,0.193329226,22.55,22.79
G081,HN96b,G_2,1.853333333,0.193329226,22.55,22.79
G082,HN96b,G_2,3.98,0.193329226,22.55,22.79
G083,HN96b,G_2,4.66,0.193329226,22.55,22.79
G084,HN96b,G_2,2.613333333,0.193329226,22.55,22.79
G085,HN96b,G_2,3.146666667,0.193329226,22.55,22.79
G086,HN96b,G_2,1.773333333,0.193329226,22.55,22.79
G087,HN96b,G_2,2.413333333,0.193329226,22.55,22.79
G088,HN96b,G_2,2.36,0.193329226,22.55,22.79
G089,HN96b,G_2,3.48,0.193329226,22.55,22.79
G090,HN96b,G_2,2.506666667,0.193329226,22.55,22.79
G091,HN96b,G_2,2.993333333,0.193329226,22.55,22.79
G092,HN96b,G_2,2.346666667,0.193329226,22.55,22.79
G093,HN96b,G_2,0.726666667,0.193329226,22.55,22.79
G094,HN96b,G_2,3.833333333,0.193329226,22.55,22.79
G095,HN96b,G_2,1.82,0.193329226,22.55,22.79
G096,HN96b,G_2,3.353333333,0.193329226,22.55,22.79
G097,HN96b,G_2,2,0.193329226,22.55,22.79
G098,HN96b,G_2,2.973333333,0.193329226,22.55,22.79
G099,HN96b,G_2,2.766666667,0.193329226,22.55,22.79
G100,HN96b,G_2,3.066666667,0.193329226,22.55,22.79
G101,HN96b,G_2,4.18,0.193329226,22.55,22.79
G102,HN96b,G_2,1.52,0.193329226,22.55,22.79
G103,HN96b,G_2,3.56,0.193329226,22.55,22.79
G104,HN96b,G_2,3.053333333,0.193329226,22.55,22.79
G105,HN96b,G_2,3.953333333,0.193329226,22.55,22.79
G106,HN96b,G_2,3.446666667,0.193329226,22.55,22.79
G107,HN96b,G_2,3.293333333,0.193329226,22.55,22.79
G108,HN96b,G_2,4.12,0.193329226,22.55,22.79
G109,HN96b,G_2,2.906666667,0.193329226,22.55,22.79
G110,HN96b,G_2,2.613333333,0.193329226,22.55,22.79
G111,HN96b,G_2,3.093333333,0.193329226,22.55,22.79
G112,HN96b,G_2,2.98,0.193329226,22.55,22.79
G113,HN96b,G_2,0.993333333,0.193329226,22.55,22.79
G114,HN96b,G_2,4.853333333,0.193329226,22.55,22.79
G115,HN96b,G_2,3.426666667,0.193329226,22.55,22.79
G116,HN96b,G_2,5.286666667,0.193329226,22.55,22.79
G117,HN96b,G_2,0.993333333,0.193329226,22.55,22.79
G118,HN96b,G_2,2.106666667,0.193329226,22.55,22.79
G119,HN96b,G_2,4.273333333,0.193329226,22.55,22.79
G120,HN96b,G_2,2.38,0.193329226,22.55,22.79
G121,HN96b,G_2,4.586666667,0.193329226,22.55,22.79
G122,HN96b,G_2,4.213333333,0.193329226,22.55,22.79
G123,HN96b,G_2,4.52,0.193329226,22.55,22.79
G124,HN96b,G_2,3.433333333,0.193329226,22.55,22.79
G125,HN96b,G_2,3.726666667,0.193329226,22.55,22.79
G126,HN96b,G_2,3.466666667,0.193329226,22.55,22.79
G127,HN96b,G_2,3.313333333,0.193329226,22.55,22.79
G128,HN96b,G_2,3.62,0.193329226,22.55,22.79
G129,HN96b,G_2,2.02,0.193329226,22.55,22.79
G130,HN96b,G_2,3.986666667,0.193329226,22.55,22.79
G131,HN96b,G_2,4.086666667,0.193329226,22.55,22.79
G132,HN96b,G_2,3.2,0.193329226,22.55,22.79
G133,HN96b,G_2,3.633333333,0.193329226,22.55,22.79
G134,HN96b,G_2,3.493333333,0.193329226,22.55,22.79
G135,HN96b,G_2,3.813333333,0.193329226,22.55,22.79
G136,HN96b,G_2,3.753333333,0.193329226,22.55,22.79
G137,HN96b,G_2,5.066666667,0.193329226,22.55,22.79
G138,HN96b,G_2,2.206666667,0.193329226,22.55,22.79
G139,HN96b,G_2,3.06,0.193329226,22.55,22.79
G140,HN96b,G_2,2.68,0.193329226,22.55,22.79
G141,HN96b,G_2,2.54,0.193329226,22.55,22.79
G142,HN96b,G_2,4.173333333,0.193329226,22.55,22.79
G143,HN96b,G_2,2.606666667,0.193329226,22.55,22.79
G144,HN96b,G_2,2.853333333,0.193329226,22.55,22.79
G145,HN96b,G_2,4.26,0.193329226,22.55,22.79
G146,HN96b,G_2,4.533333333,0.193329226,22.55,22.79
G147,HN96b,G_2,4.186666667,0.193329226,22.55,22.79
G148,HN96b,G_2,3.553333333,0.193329226,22.55,22.79
G149,HN96b,G_2,3.34,0.193329226,22.55,22.79
G150,HN96b,G_2,3.153333333,0.193329226,22.55,22.79
G151,HN96b,G_2,2.66,0.193329226,22.55,22.79
G152,HN96b,G_2,1.713333333,0.193329226,22.55,22.79
G153,HN96b,G_2,3.466666667,0.193329226,22.55,22.79
G154,HN96b,G_2,3.633333333,0.193329226,22.55,22.79
G155,HN96b,G_2,2.96,0.193329226,22.55,22.79
G156,HN96b,G_2,2.34,0.193329226,22.55,22.79
G157,HN96b,G_2,2.46,0.193329226,22.55,22.79
G158,HN96b,G_2,2.42,0.193329226,22.55,22.79
G159,HN96b,G_2,3.053333333,0.193329226,22.55,22.79
G160,HN96b,G_2,4.453333333,0.193329226,22.55,22.79
G161,HN96b,G_2,5.386666667,0.193329226,22.55,22.79
G162,HN96b,G_2,3.233333333,0.193329226,22.55,22.79
G163,HN96b,G_2,2.7,0.193329226,22.55,22.79
G164,HN96b,G_2,2.986666667,0.193329226,22.55,22.79
G165,HN96b,G_2,3.686666667,0.193329226,22.55,22.79
G166,HN96b,G_2,4.8,0.193329226,22.55,22.79
G167,HN96b,G_2,2.913333333,0.193329226,22.55,22.79
G168,HN96b,G_2,4.173333333,0.193329226,22.55,22.79
G169,HN96b,G_2,2.36,0.193329226,22.55,22.79
G170,HN96b,G_2,2.066666667,0.193329226,22.55,22.79
G171,HN96b,G_2,2.28,0.193329226,22.55,22.79
G172,HN96b,G_2,4.86,0.193329226,22.55,22.79
G173,HN96b,G_2,2.746666667,0.193329226,22.55,22.79
G174,HN96b,G_2,3.42,0.193329226,22.55,22.79
G175,HN96b,G_2,1.613333333,0.193329226,22.55,22.79
G176,HN96b,G_2,2.366666667,0.193329226,22.55,22.79
G177,HN96b,G_2,4.293333333,0.193329226,22.55,22.79
G178,HN96b,G_2,1.72,0.193329226,22.55,22.79
G179,HN96b,G_2,3.42,0.193329226,22.55,22.79
G180,HN96b,G_2,2.573333333,0.193329226,22.55,22.79
G181,HN96b,G_2,5.226666667,0.193329226,22.55,22.79
G182,HN96b,G_2,3.266666667,0.193329226,22.55,22.79
G183,HN96b,G_2,2.746666667,0.193329226,22.55,22.79
G184,HN96b,G_2,2.953333333,0.193329226,22.55,22.79
G185,HN96b,G_2,2.673333333,0.193329226,22.55,22.79
G186,HN96b,G_2,4.806666667,0.193329226,22.55,22.79
G187,HN96b,G_2,3.906666667,0.193329226,22.55,22.79
G188,HN96b,G_2,1.726666667,0.193329226,22.55,22.79
G189,HN96b,G_2,2.653333333,0.193329226,22.55,22.79
G190,HN96b,G_2,3.84,0.193329226,22.55,22.79
G191,HN96b,G_2,4.46,0.193329226,22.55,22.79
G192,HN96b,G_2,4.38,0.193329226,22.55,22.79
G193,HN96b,G_2,3.173333333,0.193329226,22.55,22.79
G194,HN96b,G_2,3.826666667,0.193329226,22.55,22.79
G195,HN96b,G_2,2.72,0.193329226,22.55,22.79
G196,HN96b,G_2,2.666666667,0.193329226,22.55,22.79
G197,HN96b,G_2,3.533333333,0.193329226,22.55,22.79
G198,HN96b,G_2,3.6,0.193329226,22.55,22.79
G199,HN96b,G_2,1.946666667,0.193329226,22.55,22.79
G200,HN96b,G_2,3.813333333,0.193329226,22.55,22.79
G201,HN96b,G_2,4.686666667,0.193329226,22.55,22.79
G202,HN96b,G_2,1.96,0.193329226,22.55,22.79
G203,HN96b,G_2,3.073333333,0.193329226,22.55,22.79
G204,HN96b,G_2,2.373333333,0.193329226,22.55,22.79
G205,HN96b,G_2,3.726666667,0.193329226,22.55,22.79
G206,HN96b,G_2,4.206666667,0.193329226,22.55,22.79
G207,HN96b,G_2,3,0.193329226,22.55,22.79
G208,HN96b,G_2,1.993333333,0.193329226,22.55,22.79
G209,HN96b,G_2,4.113333333,0.193329226,22.55,22.79
G210,HN96b,G_2,4.3,0.193329226,22.55,22.79
G211,HN96b,G_2,4.253333333,0.193329226,22.55,22.79
G001,NS92a,G_3,8.4,3.95251722,11.58,17.28
G002,NS92a,G_3,7.62,3.95251722,11.58,17.28
G003,NS92a,G_3,7.68,3.95251722,11.58,17.28
G004,NS92a,G_3,5.112666667,3.95251722,11.58,17.28
G005,NS92a,G_3,5.964666667,3.95251722,11.58,17.28
G006,NS92a,G_3,7.626666667,3.95251722,11.58,17.28
G007,NS92a,G_3,7.293333333,3.95251722,11.58,17.28
G008,NS92a,G_3,4.730666667,3.95251722,11.58,17.28
G009,NS92a,G_3,8.846666667,3.95251722,11.58,17.28
G010,NS92a,G_3,7.42,3.95251722,11.58,17.28
G011,NS92a,G_3,6.62,3.95251722,11.58,17.28
G012,NS92a,G_3,6.826666667,3.95251722,11.58,17.28
G013,NS92a,G_3,6.008,3.95251722,11.58,17.28
G014,NS92a,G_3,7.213333333,3.95251722,11.58,17.28
G015,NS92a,G_3,5.624,3.95251722,11.58,17.28
G016,NS92a,G_3,7.62,3.95251722,11.58,17.28
G017,NS92a,G_3,5.399333333,3.95251722,11.58,17.28
G018,NS92a,G_3,7.306666667,3.95251722,11.58,17.28
G019,NS92a,G_3,10.01333333,3.95251722,11.58,17.28
G020,NS92a,G_3,7.76,3.95251722,11.58,17.28
G021,NS92a,G_3,5.052,3.95251722,11.58,17.28
G022,NS92a,G_3,7.14,3.95251722,11.58,17.28
G023,NS92a,G_3,7.086666667,3.95251722,11.58,17.28
G024,NS92a,G_3,7.18,3.95251722,11.58,17.28
G025,NS92a,G_3,8.86,3.95251722,11.58,17.28
G026,NS92a,G_3,6.624666667,3.95251722,11.58,17.28
G027,NS92a,G_3,8.406666667,3.95251722,11.58,17.28
G028,NS92a,G_3,8.266666667,3.95251722,11.58,17.28
G029,NS92a,G_3,5.732666667,3.95251722,11.58,17.28
G030,NS92a,G_3,8.38,3.95251722,11.58,17.28
G031,NS92a,G_3,7.106666667,3.95251722,11.58,17.28
G032,NS92a,G_3,8.62,3.95251722,11.58,17.28
G033,NS92a,G_3,7.413333333,3.95251722,11.58,17.28
G034,NS92a,G_3,6.8,3.95251722,11.58,17.28
G035,NS92a,G_3,4.917333333,3.95251722,11.58,17.28
G036,NS92a,G_3,6.434,3.95251722,11.58,17.28
G037,NS92a,G_3,8.873333333,3.95251722,11.58,17.28
G038,NS92a,G_3,6.444,3.95251722,11.58,17.28
G039,NS92a,G_3,7.52,3.95251722,11.58,17.28
G040,NS92a,G_3,6.229333333,3.95251722,11.58,17.28
G041,NS92a,G_3,3.64,3.95251722,11.58,17.28
G042,NS92a,G_3,8.62,3.95251722,11.58,17.28
G043,NS92a,G_3,8.013333333,3.95251722,11.58,17.28
G044,NS92a,G_3,6.84,3.95251722,11.58,17.28
G045,NS92a,G_3,6.813333333,3.95251722,11.58,17.28
G046,NS92a,G_3,5.591333333,3.95251722,11.58,17.28
G047,NS92a,G_3,8.9,3.95251722,11.58,17.28
G048,NS92a,G_3,8.16,3.95251722,11.58,17.28
G049,NS92a,G_3,7.033333333,3.95251722,11.58,17.28
G050,NS92a,G_3,7.906666667,3.95251722,11.58,17.28
G051,NS92a,G_3,7.713333333,3.95251722,11.58,17.28
G052,NS92a,G_3,7.4,3.95251722,11.58,17.28
G053,NS92a,G_3,5.123333333,3.95251722,11.58,17.28
G054,NS92a,G_3,7.946666667,3.95251722,11.58,17.28
G055,NS92a,G_3,10.14666667,3.95251722,11.58,17.28
G056,NS92a,G_3,7.773333333,3.95251722,11.58,17.28
G057,NS92a,G_3,7.526666667,3.95251722,11.58,17.28
G058,NS92a,G_3,7.64,3.95251722,11.58,17.28
G059,NS92a,G_3,6.409333333,3.95251722,11.58,17.28
G060,NS92a,G_3,5.699333333,3.95251722,11.58,17.28
G061,NS92a,G_3,9.526666667,3.95251722,11.58,17.28
G062,NS92a,G_3,7.693333333,3.95251722,11.58,17.28
G063,NS92a,G_3,6.506,3.95251722,11.58,17.28
G064,NS92a,G_3,6.452666667,3.95251722,11.58,17.28
G065,NS92a,G_3,7.526666667,3.95251722,11.58,17.28
G066,NS92a,G_3,7.646666667,3.95251722,11.58,17.28
G067,NS92a,G_3,8.66,3.95251722,11.58,17.28
G068,NS92a,G_3,9.273333333,3.95251722,11.58,17.28
G069,NS92a,G_3,8.233333333,3.95251722,11.58,17.28
G070,NS92a,G_3,6.483333333,3.95251722,11.58,17.28
G071,NS92a,G_3,6.26,3.95251722,11.58,17.28
G072,NS92a,G_3,7.766666667,3.95251722,11.58,17.28
G073,NS92a,G_3,5.916666667,3.95251722,11.58,17.28
G074,NS92a,G_3,6.7,3.95251722,11.58,17.28
G075,NS92a,G_3,7.12,3.95251722,11.58,17.28
G076,NS92a,G_3,4.879333333,3.95251722,11.58,17.28
G077,NS92a,G_3,7.206666667,3.95251722,11.58,17.28
G078,NS92a,G_3,8.366666667,3.95251722,11.58,17.28
G079,NS92a,G_3,5.783333333,3.95251722,11.58,17.28
G080,NS92a,G_3,5.566,3.95251722,11.58,17.28
G081,NS92a,G_3,7.72,3.95251722,11.58,17.28
G082,NS92a,G_3,8.433333333,3.95251722,11.58,17.28
G083,NS92a,G_3,6.324,3.95251722,11.58,17.28
G084,NS92a,G_3,5.537333333,3.95251722,11.58,17.28
G085,NS92a,G_3,7.64,3.95251722,11.58,17.28
G086,NS92a,G_3,8.24,3.95251722,11.58,17.28
G087,NS92a,G_3,7.12,3.95251722,11.58,17.28
G088,NS92a,G_3,7.44,3.95251722,11.58,17.28
G089,NS92a,G_3,6.72,3.95251722,11.58,17.28
G090,NS92a,G_3,5.485333333,3.95251722,11.58,17.28
G091,NS92a,G_3,9.48,3.95251722,11.58,17.28
G092,NS92a,G_3,8.28,3.95251722,11.58,17.28
G093,NS92a,G_3,6.232,3.95251722,11.58,17.28
G094,NS92a,G_3,8.406666667,3.95251722,11.58,17.28
G095,NS92a,G_3,5.878,3.95251722,11.58,17.28
G096,NS92a,G_3,7.56,3.95251722,11.58,17.28
G097,NS92a,G_3,7.633333333,3.95251722,11.58,17.28
G098,NS92a,G_3,6.349333333,3.95251722,11.58,17.28
G099,NS92a,G_3,7.673333333,3.95251722,11.58,17.28
G100,NS92a,G_3,7.7,3.95251722,11.58,17.28
G101,NS92a,G_3,5.539333333,3.95251722,11.58,17.28
G102,NS92a,G_3,6.012666667,3.95251722,11.58,17.28
G103,NS92a,G_3,9.633333333,3.95251722,11.58,17.28
G104,NS92a,G_3,8.46,3.95251722,11.58,17.28
G105,NS92a,G_3,8.973333333,3.95251722,11.58,17.28
G106,NS92a,G_3,8.466666667,3.95251722,11.58,17.28
G107,NS92a,G_3,6.376,3.95251722,11.58,17.28
G108,NS92a,G_3,6.13,3.95251722,11.58,17.28
G109,NS92a,G_3,7.233333333,3.95251722,11.58,17.28
G110,NS92a,G_3,8.18,3.95251722,11.58,17.28
G111,NS92a,G_3,5.952,3.95251722,11.58,17.28
G112,NS92a,G_3,3.892666667,3.95251722,11.58,17.28
G113,NS92a,G_3,5.411333333,3.95251722,11.58,17.28
G114,NS92a,G_3,5.192666667,3.95251722,11.58,17.28
G115,NS92a,G_3,6.92,3.95251722,11.58,17.28
G116,NS92a,G_3,6.620666667,3.95251722,11.58,17.28
G117,NS92a,G_3,8.1,3.95251722,11.58,17.28
G118,NS92a,G_3,3.554,3.95251722,11.58,17.28
G119,NS92a,G_3,5.694,3.95251722,11.58,17.28
G120,NS92a,G_3,8.546666667,3.95251722,11.58,17.28
G121,NS92a,G_3,7.973333333,3.95251722,11.58,17.28
G122,NS92a,G_3,7.78,3.95251722,11.58,17.28
G123,NS92a,G_3,8.533333333,3.95251722,11.58,17.28
G124,NS92a,G_3,7.013333333,3.95251722,11.58,17.28
G125,NS92a,G_3,8.933333333,3.95251722,11.58,17.28
G126,NS92a,G_3,6.584,3.95251722,11.58,17.28
G127,NS92a,G_3,6.194,3.95251722,11.58,17.28
G128,NS92a,G_3,4.46,3.95251722,11.58,17.28
G129,NS92a,G_3,7.36,3.95251722,11.58,17.28
G130,NS92a,G_3,9.426666667,3.95251722,11.58,17.28
G131,NS92a,G_3,6.394666667,3.95251722,11.58,17.28
G132,NS92a,G_3,6.132666667,3.95251722,11.58,17.28
G133,NS92a,G_3,4.407333333,3.95251722,11.58,17.28
G134,NS92a,G_3,6.065333333,3.95251722,11.58,17.28
G135,NS92a,G_3,8.393333333,3.95251722,11.58,17.28
G136,NS92a,G_3,7.94,3.95251722,11.58,17.28
G137,NS92a,G_3,8.473333333,3.95251722,11.58,17.28
G138,NS92a,G_3,5.824666667,3.95251722,11.58,17.28
G139,NS92a,G_3,4.648,3.95251722,11.58,17.28
G140,NS92a,G_3,3.990666667,3.95251722,11.58,17.28
G141,NS92a,G_3,4.790666667,3.95251722,11.58,17.28
G142,NS92a,G_3,7.346666667,3.95251722,11.58,17.28
G143,NS92a,G_3,7.12,3.95251722,11.58,17.28
G144,NS92a,G_3,6.492,3.95251722,11.58,17.28
G145,NS92a,G_3,8.726666667,3.95251722,11.58,17.28
G146,NS92a,G_3,7.613333333,3.95251722,11.58,17.28
G147,NS92a,G_3,7.406666667,3.95251722,11.58,17.28
G148,NS92a,G_3,6.16,3.95251722,11.58,17.28
G149,NS92a,G_3,6.196666667,3.95251722,11.58,17.28
G150,NS92a,G_3,8.28,3.95251722,11.58,17.28
G151,NS92a,G_3,6.032,3.95251722,11.58,17.28
G152,NS92a,G_3,7.166666667,3.95251722,11.58,17.28
G153,NS92a,G_3,6.554666667,3.95251722,11.58,17.28
G154,NS92a,G_3,7.506666667,3.95251722,11.58,17.28
G155,NS92a,G_3,5.738,3.95251722,11.58,17.28
G156,NS92a,G_3,6.68,3.95251722,11.58,17.28
G157,NS92a,G_3,5.341333333,3.95251722,11.58,17.28
G158,NS92a,G_3,6.24,3.95251722,11.58,17.28
G159,NS92a,G_3,8.733333333,3.95251722,11.58,17.28
G160,NS92a,G_3,9.533333333,3.95251722,11.58,17.28
G161,NS92a,G_3,7.933333333,3.95251722,11.58,17.28
G162,NS92a,G_3,6.523333333,3.95251722,11.58,17.28
G163,NS92a,G_3,6.446666667,3.95251722,11.58,17.28
G164,NS92a,G_3,7.673333333,3.95251722,11.58,17.28
G165,NS92a,G_3,8.286666667,3.95251722,11.58,17.28
G166,NS92a,G_3,7.833333333,3.95251722,11.58,17.28
G167,NS92a,G_3,5.923333333,3.95251722,11.58,17.28
G168,NS92a,G_3,8.826666667,3.95251722,11.58,17.28
G169,NS92a,G_3,7.026666667,3.95251722,11.58,17.28
G170,NS92a,G_3,7.813333333,3.95251722,11.58,17.28
G171,NS92a,G_3,5.380666667,3.95251722,11.58,17.28
G172,NS92a,G_3,7.906666667,3.95251722,11.58,17.28
G173,NS92a,G_3,5.826,3.95251722,11.58,17.28
G174,NS92a,G_3,6.05,3.95251722,11.58,17.28
G175,NS92a,G_3,5.509333333,3.95251722,11.58,17.28
G176,NS92a,G_3,4.82,3.95251722,11.58,17.28
G177,NS92a,G_3,7.68,3.95251722,11.58,17.28
G178,NS92a,G_3,6.426666667,3.95251722,11.58,17.28
G179,NS92a,G_3,6.612666667,3.95251722,11.58,17.28
G180,NS92a,G_3,3.887333333,3.95251722,11.58,17.28
G181,NS92a,G_3,7.4,3.95251722,11.58,17.28
G182,NS92a,G_3,6.02,3.95251722,11.58,17.28
G183,NS92a,G_3,6.532666667,3.95251722,11.58,17.28
G184,NS92a,G_3,5.852,3.95251722,11.58,17.28
G185,NS92a,G_3,4.938,3.95251722,11.58,17.28
G186,NS92a,G_3,8.913333333,3.95251722,11.58,17.28
G187,NS92a,G_3,6.483333333,3.95251722,11.58,17.28
G188,NS92a,G_3,6.853333333,3.95251722,11.58,17.28
G189,NS92a,G_3,6.78,3.95251722,11.58,17.28
G190,NS92a,G_3,7.053333333,3.95251722,11.58,17.28
G191,NS92a,G_3,6.266666667,3.95251722,11.58,17.28
G192,NS92a,G_3,9.566666667,3.95251722,11.58,17.28
G193,NS92a,G_3,5.926,3.95251722,11.58,17.28
G194,NS92a,G_3,8.74,3.95251722,11.58,17.28
G195,NS92a,G_3,8.213333333,3.95251722,11.58,17.28
G196,NS92a,G_3,6.497333333,3.95251722,11.58,17.28
G197,NS92a,G_3,6.35,3.95251722,11.58,17.28
G198,NS92a,G_3,7.94,3.95251722,11.58,17.28
G199,NS92a,G_3,5.494666667,3.95251722,11.58,17.28
G200,NS92a,G_3,8.013333333,3.95251722,11.58,17.28
G201,NS92a,G_3,8.766666667,3.95251722,11.58,17.28
G202,NS92a,G_3,7.253333333,3.95251722,11.58,17.28
G203,NS92a,G_3,4.744,3.95251722,11.58,17.28
G204,NS92a,G_3,7.413333333,3.95251722,11.58,17.28
G205,NS92a,G_3,7.193333333,3.95251722,11.58,17.28
G206,NS92a,G_3,5.816666667,3.95251722,11.58,17.28
G207,NS92a,G_3,4.673333333,3.95251722,11.58,17.28
G208,NS92a,G_3,6.147333333,3.95251722,11.58,17.28
G209,NS92a,G_3,6.415333333,3.95251722,11.58,17.28
G210,NS92a,G_3,6.786666667,3.95251722,11.58,17.28
G211,NS92a,G_3,6.68,3.95251722,11.58,17.28
